SMILES,InChI,HL,Sol,RB,MW
C=O,InChI=1S/CH2O/c1-2/h1H2,3.37E-07,-6.622026143,0,30.01056468
ClC(Cl)(Cl)C(c1ccc(Cl)cc1)c1ccc(Cl)cc1,"InChI=1S/C14H9Cl5/c15-11-5-1-9(2-6-11)13(14(17,18)19)10-3-7-12(16)8-4-10/h1-8,13H",8.32E-06,-4.725041276,2,351.9146887
c1c2ccccc2c2ccc3cccc4ccc1c2c34,InChI=1S/C20H12/c1-2-7-17-15(4-1)12-16-9-8-13-5-3-6-14-10-11-18(17)20(16)19(13)14/h1-12H,4.57E-07,-6.441813366,0,252.0939004
[O-][N+](=O)c1cc(ccc1O)[N+]([O-])=O,"InChI=1S/C6H4N2O5/c9-6-2-1-4(7(10)11)3-5(6)8(12)13/h1-3,9H",8.60E-08,-7.430045315,2,184.0120212
CCN(CC)N=O,"InChI=1S/C4H10N2O/c1-3-6(4-2)5-7/h3-4H2,1-2H3",3.63E-06,-5.215762179,3,102.0793129
NC(=O)c1ccccc1,"InChI=1S/C7H7NO/c8-7(9)6-4-2-1-3-5-6/h1-5H,(H2,8,9)",2.45E-10,-10.89753528,1,121.0527638
ClC(Cl)(Cl)Cl,"InChI=1S/CCl4/c2-1(3,4)5",0.0276,0.071302591,0,151.8754107
CCOP(=S)(Oc1ccc(cc1)[N+]([O-])=O)OCC,"InChI=1S/C10H14NO5PS/c1-3-14-17(18,15-4-2)16-10-7-5-9(6-8-10)11(12)13/h5-8H,3-4H2,1-2H3",2.98E-07,-6.694791198,7,291.0330302
c1c2c3ccccc3ccc2cc2ccccc21,InChI=1S/C18H12/c1-2-7-15-12-18-16(11-14(15)6-1)10-9-13-5-3-4-8-17(13)18/h1-12H,1.20E-05,-4.508357691,0,228.0939004
OC(CO)CO,"InChI=1S/C3H8O3/c4-1-3(6)2-5/h3-6H,1-2H2",1.73E-08,-8.378817885,2,92.04734412
ClC1(Cl)C2(Cl)C3CC(Cl)C(Cl)C3C1(Cl)C(Cl)=C2Cl,"InChI=1S/C10H6Cl8/c11-3-1-2-4(5(3)12)9(16)7(14)6(13)8(2,15)10(9,17)18/h2-5H,1H2",0.0002932,-2.617517729,0,405.7977716
"Cl[C@@H]1[C@@H](Cl)[C@H](Cl)[C@H](Cl)[C@@H](Cl)[C@@H]1Cl |&1:1,2,4,6,8,10|","InChI=1S/C6H6Cl6/c7-1-2(8)4(10)6(12)5(11)3(1)9/h1-6H/t1-,2-,3-,4+,5+,6+",3.18E-06,-5.294577997,0,287.8600663
O=NN1CCOCC1,InChI=1S/C4H8N2O2/c7-5-6-1-3-8-4-2-6/h1-4H2,2.45E-08,-8.172948103,1,116.0585775
OCCc1ccccc1,"InChI=1S/C8H10O/c9-7-6-8-4-2-1-3-5-8/h1-5,9H,6-7H2",2.56E-07,-6.784670287,2,122.0731649
CCOCC,"InChI=1S/C4H10O/c1-3-5-4-2/h3-4H2,1-2H3",0.00123,-1.769161458,2,74.07316494
"ClC1(Cl)[C@@]2(Cl)[C@@H]3[C@@H]4C[C@@H]([C@H]5O[C@H]54)[C@@H]3[C@]1(Cl)C(Cl)=C2Cl |o1:3,5,6,8,9,11,12,13|","InChI=1S/C12H8Cl6O/c13-8-9(14)11(16)5-3-1-2(6-7(3)19-6)4(5)10(8,15)12(11,17)18/h2-7H,1H2/t2-,3+,4+,5-,6-,7+,10+,11-",8.18E-06,-4.73508141,0,377.870631
Nc1ccccc1,"InChI=1S/C6H7N/c7-6-4-2-1-3-5-6/h1-5H,7H2",2.02E-06,-5.562541172,0,93.05784922
CN(C)N=O,InChI=1S/C2H6N2O/c1-4(2)3-5/h1-2H3,1.82E-06,-5.6242258,1,74.04801281
CCO,"InChI=1S/C2H6O/c1-2-3/h3H,2H2,1H3",5.00E-06,-5.026317028,0,46.04186481
OC=O,"InChI=1S/CH2O2/c2-1-3/h1H,(H,2,3)",1.67E-07,-7.037407754,0,46.0054793
CC(O)=O,"InChI=1S/C2H4O2/c1-2(3)4/h1H3,(H,3,4)",1.00E-07,-7.340812975,0,60.02112937
CCCCCC=O,"InChI=1S/C6H12O/c1-2-3-4-5-6-7/h6H,2-5H2,1H3",0.000213,-2.806582776,4,100.088815
CO,"InChI=1S/CH4O/c1-2/h2H,1H3",4.55E-06,-5.082114677,0,32.02621475
CC(C)O,"InChI=1S/C3H8O/c1-3(2)4/h3-4H,1-2H3",8.10E-06,-4.740896067,0,60.05751488
CC(C)=O,InChI=1S/C3H6O/c1-3(2)4/h1-2H3,3.50E-05,-3.875045386,0,58.04186481
ClC(Cl)Cl,InChI=1S/CHCl3/c2-1(3)4/h1H,0.00367,-1.122397655,0,117.9143831
CS(C)=O,InChI=1S/C2H6OS/c1-4(2)3/h1-2H3,1.51E-09,-9.821581007,0,78.01393581
ClC(Cl)(Cl)C(Cl)(Cl)Cl,"InChI=1S/C2Cl6/c3-1(4,5)2(6,7)8",0.00389,-1.087954055,0,233.8131161
CN(C)C=O,"InChI=1S/C3H7NO/c1-4(2)3-5/h3H,1-2H3",7.39E-08,-7.519757815,1,73.05276384
CCCO,"InChI=1S/C3H8O/c1-2-3-4/h4H,2-3H2,1H3",7.41E-06,-4.793571616,1,60.05751488
CCCCO,"InChI=1S/C4H10O/c1-2-3-4-5/h5H,2-4H2,1H3",8.81E-06,-4.691184762,2,74.07316494
CCCCCO,"InChI=1S/C5H12O/c1-2-3-4-5-6/h6H,2-5H2,1H3",1.30E-05,-4.461001497,3,88.088815
c1ccccc1,InChI=1S/C6H6/c1-2-4-6-5-3-1/h1-6H,0.00555,-0.877693055,0,78.04695019
CC(Cl)(Cl)Cl,"InChI=1S/C2H3Cl3/c1-2(3,4)5/h1H3",0.0172,-0.208486131,0,131.9300331
COc1ccc(cc1)C(c1ccc(cc1)OC)C(Cl)(Cl)Cl,"InChI=1S/C16H15Cl3O2/c1-20-13-7-3-11(4-8-13)15(16(17,18)19)12-5-9-14(21-2)10-6-12/h3-10,15H,1-2H3",2.03E-07,-6.921913094,4,344.0137628
ClC(Cl)C(c1ccc(Cl)cc1)c1ccc(Cl)cc1,"InChI=1S/C14H10Cl4/c15-11-5-1-9(2-6-11)13(14(17)18)10-3-7-12(16)8-4-10/h1-8,13-14H",6.60E-06,-4.862059935,3,317.953661
ClC(Cl)=C(c1ccc(Cl)cc1)c1ccc(Cl)cc1,InChI=1S/C14H8Cl4/c15-11-5-1-9(2-6-11)13(14(17)18)10-3-7-12(16)8-4-10/h1-8H,4.16E-05,-3.772838919,2,315.938011
CBr,InChI=1S/CH3Br/c1-2/h1H3,0.00734,-0.712306422,0,93.9418122
C=C,InChI=1S/C2H4/c1-2/h1-2H2,0.228,1.320560913,0,28.03130013
CCl,InChI=1S/CH3Cl/c1-2/h1H3,0.00882,-0.603632822,0,49.99232778
CI,InChI=1S/CH3I/c1-2/h1H3,0.00526,-0.909444357,0,141.9279481
CN,"InChI=1S/CH5N/c1-2/h2H2,1H3",1.11E-05,-4.554482591,0,31.04219916
C#N,InChI=1S/CHN/c1-2/h1H,0.000133,-3.085209908,0,27.01089903
BrCBr,InChI=1S/CH2Br2/c2-1-3/h1H2,0.000822,-2.007608192,0,171.8523243
CCCl,"InChI=1S/C2H5Cl/c1-2-3/h2H2,1H3",0.0111,-0.467601821,0,64.00797784
C=CCl,"InChI=1S/C2H3Cl/c1-2-3/h2H,1H2",0.0278,0.075574354,0,61.99232778
CCN,"InChI=1S/C2H7N/c1-2-3/h2-3H2,1H3",1.23E-05,-4.493748638,0,45.05784922
CC#N,InChI=1S/C2H3N/c1-2-3/h1H3,3.45E-05,-3.883558289,0,41.0265491
CC=O,"InChI=1S/C2H4O/c1-2-3/h2H,1H3",6.67E-05,-3.493524454,0,44.02621475
CCS,"InChI=1S/C2H6S/c1-2-3/h3H,2H2,1H3",0.00453,-0.99784024,0,62.01902119
ClCCl,InChI=1S/CH2Cl2/c2-1-3/h1H2,0.00325,-1.194303193,0,83.95335542
ICI,InChI=1S/CH2I2/c2-1-3/h1H2,0.000323,-2.560248873,0,267.8245961
S=C=S,InChI=1S/CS2/c2-1-3,0.0144,-0.313608817,0,75.944142
CSC,InChI=1S/C2H6S/c1-3-2/h1-2H3,0.00161,-1.60988105,0,62.01902119
C1CO1,InChI=1S/C2H4O/c1-2-3-1/h1-2H2,0.000148,-3.021985761,0,44.02621475
BrC(Br)Br,InChI=1S/CHBr3/c2-1(3)4/h1H,0.000535,-2.261700516,0,249.7628363
ClC(Cl)Br,InChI=1S/CHBrCl2/c2-1(3)4/h1H,0.00212,-1.447073363,0,161.8638675
CC(Cl)Cl,"InChI=1S/C2H4Cl2/c1-2(3)4/h2H,1H3",0.00562,-0.870277638,0,97.96900549
C=C(Cl)Cl,InChI=1S/C2H2Cl2/c1-2(3)4/h1H2,0.0261,0.038241668,0,95.95335542
CC(F)F,"InChI=1S/C2H4F2/c1-2(3)4/h2H,1H3",0.0203,-0.110445144,0,66.02810657
O=C(Cl)Cl,InChI=1S/CCl2O/c2-1(3)4,0.0167,-0.225939804,0,97.93261998
FC(F)Cl,InChI=1S/CHClF2/c2-1(3)4/h1H,0.0406,0.29964609,0,85.97348415
FC(F)F,InChI=1S/CHF3/c2-1(3)4/h1H,0.0952,0.803845817,0,70.00303469
CN(C)C,InChI=1S/C3H9N/c1-4(2)3/h1-3H3,0.000104,-3.230727796,0,59.07349929
C[N+]([O-])=O,InChI=1S/CH3NO2/c1-2(3)4/h1H3,2.86E-05,-3.994521273,0,61.01637834
FC(F)(F)Br,"InChI=1S/CBrF3/c2-1(3,4)5",0.499,1.783966464,0,147.9135468
CC(C)(C)O,"InChI=1S/C4H10O/c1-4(2,3)5/h5H,1-3H3",9.05E-06,-4.675283158,0,74.07316494
CC(F)(F)Cl,"InChI=1S/C2H3ClF2/c1-2(3,4)5/h1H3",0.0588,0.518772775,0,99.98913422
FC(Cl)(Cl)Cl,"InChI=1S/CCl3F/c2-1(3,4)5",0.097,0.814927783,0,135.9049613
FC(F)(Cl)Cl,"InChI=1S/CCl2F2/c2-1(3,4)5",0.343,1.562176314,0,119.9345118
FC(F)(F)Cl,"InChI=1S/CClF3/c2-1(3,4)5",1.38,2.385798538,0,103.9640623
FC(F)(F)F,"InChI=1S/CF4/c2-1(3,4)5",5.15,3.16493258,0,87.99361288
CCC(C)(C)O,"InChI=1S/C5H12O/c1-4-5(2,3)6/h6H,4H2,1-3H3",1.38E-05,-4.425669412,1,88.088815
O=CC(Cl)(Cl)Cl,"InChI=1S/C2HCl3O/c3-2(4,5)1-6/h1H",2.91E-09,-9.43344171,0,145.9092977
OCC(F)(F)F,"InChI=1S/C2H3F3O/c3-2(4,5)1-6/h6H,1H2",1.73E-05,-4.291937115,0,100.0135994
OC(=O)C(Br)(Br)Br,"InChI=1S/C2HBr3O2/c3-2(4,5)1(6)7/h(H,6,7)",3.34E-09,-9.3519037,0,293.7526656
CC(C)(C)C(O)=O,"InChI=1S/C5H10O2/c1-5(2,3)4(6)7/h1-3H3,(H,6,7)",2.78E-06,-5.373600006,0,102.0680796
O=C(Cl)C(Cl)(Cl)Cl,"InChI=1S/C2Cl4O/c3-1(7)2(4,5)6",0.000507,-2.293504381,0,179.8703253
OC(=O)C(Cl)(Cl)Cl,"InChI=1S/C2HCl3O2/c3-2(4,5)1(6)7/h(H,6,7)",1.35E-08,-8.525553708,0,161.9042123
OC(=O)C(F)(F)Cl,"InChI=1S/C2HClF2O2/c3-2(4,5)1(6)7/h(H,6,7)",4.10E-08,-7.868315045,1,129.9633134
OC(=O)C(F)(F)F,"InChI=1S/C2HF3O2/c3-2(4,5)1(6)7/h(H,6,7)",1.11E-07,-7.279069771,0,113.9928639
[O-][N+](=O)C(Cl)(Cl)Cl,"InChI=1S/CCl3NO2/c2-1(3,4)5(6)7",0.00205,-1.466938328,0,162.8994613
FC(F)(F)C(F)(F)F,"InChI=1S/C2F6/c3-1(4,5)2(6,7)8",20.3,3.976435626,0,137.9904193
OCC(F)(F)C(F)F,"InChI=1S/C3H4F4O/c4-2(5)3(6,7)1-8/h2,8H,1H2",6.29E-06,-4.89052273,2,132.0198276
COC(F)(F)C(Cl)Cl,"InChI=1S/C3H4Cl2F2O/c1-8-3(6,7)2(4)5/h2H,1H3",0.0037,-1.117581048,2,163.9607265
ClC1(Cl)C2(Cl)C3C=CC(Cl)C3C1(Cl)C(Cl)=C2Cl,"InChI=1S/C10H5Cl7/c11-4-2-1-3-5(4)9(15)7(13)6(12)8(3,14)10(9,16)17/h1-5H",0.000294,-2.615905639,0,369.8210939
ClC1(Cl)C(Cl)=C(Cl)C(Cl)=C1Cl,"InChI=1S/C5Cl6/c6-1-2(7)4(9)5(10,11)3(1)8",0.027,0.058299066,0,269.8131161
CCOP(=O)(OCC)OCC,"InChI=1S/C6H15O4P/c1-4-8-11(7,9-5-2)10-6-3/h4-6H2,1-3H3",3.60E-08,-7.945259234,6,182.0707956
CCCCSP(=O)(SCCCC)SCCCC,"InChI=1S/C12H27OPS3/c1-4-7-10-15-14(13,16-11-8-5-2)17-12-9-6-3/h4-12H2,1-3H3",2.94E-07,-6.702786409,12,314.0961651
CC(C)=CCCC(C)(O)C=C,"InChI=1S/C10H18O/c1-5-10(4,11)8-6-7-9(2)3/h5,7,11H,1,6,8H2,2-4H3",2.15E-05,-4.163347012,4,154.1357652
CC(C)CO,"InChI=1S/C4H10O/c1-4(2)3-5/h4-5H,3H2,1-2H3",9.78E-06,-4.629387111,1,74.07316494
CC(=C)C=O,"InChI=1S/C4H6O/c1-4(2)3-5/h3H,1H2,2H3",0.000232,-2.756030266,1,70.04186481
CCC(C)Cl,"InChI=1S/C4H9Cl/c1-3-4(2)5/h4H,3H2,1-2H3",0.0241,-0.008925657,1,92.03927797
CC(Cl)CCl,"InChI=1S/C3H6Cl2/c1-3(5)2-4/h3H,2H2,1H3",0.00282,-1.278267141,1,111.9846556
CCC(C)O,"InChI=1S/C4H10O/c1-3-4(2)5/h4-5H,3H2,1-2H3",9.06E-06,-4.674629776,1,74.07316494
CCC(C)=O,"InChI=1S/C4H8O/c1-3-4(2)5/h3H2,1-2H3",5.69E-05,-3.587541195,1,72.05751488
CC(=O)C=C,"InChI=1S/C4H6O/c1-3-4(2)5/h3H,1H2,2H3",4.65E-05,-3.706958916,1,70.04186481
CC(=O)CCl,"InChI=1S/C3H5ClO/c1-3(5)2-4/h2H2,1H3",1.65E-05,-4.319948812,1,92.00289246
CC(=O)C=O,"InChI=1S/C3H4O2/c1-3(5)2-4/h2H,1H3",2.70E-07,-6.753168884,1,72.02112937
ClCC(Cl)Cl,"InChI=1S/C2H3Cl3/c3-1-2(4)5/h2H,1H2",0.000824,-2.006170436,1,131.9300331
ClC=C(Cl)Cl,InChI=1S/C2HCl3/c3-1-2(4)5/h1H,0.00985,-0.538286806,0,129.9143831
OC(=O)CBr,"InChI=1S/C2H3BrO2/c3-1-2(4)5/h1H2,(H,4,5)",6.52E-09,-8.956155875,1,137.9316414
CCC(O)=O,"InChI=1S/C3H6O2/c1-2-3(4)5/h2H2,1H3,(H,4,5)",4.45E-07,-6.457556288,1,74.03677943
OC(=O)CCl,"InChI=1S/C2H3ClO2/c3-1-2(4)5/h1H2,(H,4,5)",9.26E-09,-8.748592204,1,93.98215702
COC(C)=O,InChI=1S/C3H6O2/c1-3(4)5-2/h1-2H3,0.000115,-3.171243926,0,74.03677943
CC(=O)OO,"InChI=1S/C2H4O3/c1-2(3)5-4/h4H,1H3",2.14E-06,-5.528398819,0,76.01604399
CC[N+]([O-])=O,"InChI=1S/C2H5NO2/c1-2-3(4)5/h2H2,1H3",4.76E-05,-3.693126187,1,75.0320284
CC(C)C(O)=O,"InChI=1S/C4H8O2/c1-3(2)4(5)6/h3H,1-2H3,(H,5,6)",8.85E-07,-6.050798227,1,88.0524295
ClC(Cl)C(Cl)Cl,InChI=1S/C2H2Cl4/c3-1(4)2(5)6/h1-2H,0.000367,-2.484691245,1,165.8910608
CC(=C)C(O)=O,"InChI=1S/C4H6O2/c1-3(2)4(5)6/h1H2,2H3,(H,5,6)",3.88E-07,-6.53865129,1,86.03677943
OC(=O)C(Cl)Cl,"InChI=1S/C2H2Cl2O2/c3-1(4)2(5)6/h1H,(H,5,6)",8.38E-09,-8.807670746,1,127.9431847
CC1=CCC2CC1C2(C)C,"InChI=1S/C10H16/c1-7-4-5-8-6-9(7)10(8,2)3/h4,8-9H,5-6H2,1-3H3",0.134,1.006102617,0,136.1252005
C1Cc2cccc3cccc1c23,"InChI=1S/C12H10/c1-3-9-4-2-6-11-8-7-10(5-1)12(9)11/h1-6H,7-8H2",0.000184,-2.893172582,0,154.0782503
CCCCOC(=O)c1ccccc1C(=O)OCCCC,"InChI=1S/C16H22O4/c1-3-5-11-19-15(17)13-9-7-8-10-14(13)16(18)20-12-6-4-2/h7-10H,3-6,11-12H2,1-2H3",1.81E-06,-5.627485514,8,278.1518092
c1cc2ccccc2c2ccccc21,InChI=1S/C14H10/c1-3-7-13-11(5-1)9-10-12-6-2-4-8-14(12)13/h1-10H,4.23E-05,-3.762966327,0,178.0782503
[O-][N+](=O)c1cccc2ccccc21,InChI=1S/C10H7NO2/c12-11(13)10-7-3-5-8-4-1-2-6-9(8)10/h1-7H,1.76E-06,-5.644059051,1,173.0476785
C1c2ccccc2-c2ccccc21,"InChI=1S/C13H10/c1-3-7-12-10(5-1)9-11-6-2-4-8-13(11)12/h1-8H,9H2",9.62E-05,-3.276852696,0,166.0782503
c1cccc2[nH]c3ccccc3c21,"InChI=1S/C12H9N/c1-3-7-11-9(5-1)10-6-2-4-8-12(10)13-11/h1-8,13H",1.16E-07,-7.253002269,0,167.0734993
Clc1c(Cl)cccc1Cl,InChI=1S/C6H3Cl3/c7-4-2-1-3-5(8)6(4)9/h1-3H,0.00125,-1.759618725,0,179.9300331
ClC(Cl)=C(Cl)C(Cl)=C(Cl)Cl,InChI=1S/C4Cl6/c5-1(3(7)8)2(6)4(9)10,0.0103,-0.511856956,1,257.8131161
Oc1c(Cl)c(Cl)c(Cl)c(Cl)c1Cl,InChI=1S/C6HCl5O/c7-1-2(8)4(10)6(12)5(11)3(1)9/h12H,2.45E-08,-8.172948103,0,263.8470031
Cc1ccccc1[N+]([O-])=O,"InChI=1S/C7H7NO2/c1-6-4-2-3-5-7(6)8(9)10/h2-5H,1H3",1.25E-05,-4.484205905,1,137.0476785
[O-][N+](=O)c1ccccc1Cl,InChI=1S/C6H4ClNO2/c7-5-3-1-2-4-6(5)8(9)10/h1-4H,9.30E-06,-4.659161272,1,156.993056
Nc1ccccc1[N+]([O-])=O,"InChI=1S/C6H6N2O2/c7-5-3-1-2-4-6(5)8(9)10/h1-4H,7H2",5.90E-08,-7.652979811,1,138.0429274
[O-][N+](=O)c1ccccc1O,"InChI=1S/C6H5NO3/c8-6-4-2-1-3-5(6)7(9)10/h1-4,8H",1.28E-05,-4.470174341,1,139.026943
[O-][N+](=O)c1cc(Cl)ccc1Cl,InChI=1S/C6H3Cl2NO2/c7-4-1-2-5(8)6(3-4)9(10)11/h1-3H,1.20E-05,-4.508357691,1,190.9540837
COc1ccccc1O,"InChI=1S/C7H8O2/c1-9-7-5-3-2-4-6(7)8/h2-5,8H,1H3",1.20E-06,-5.870651281,1,124.0524295
Cc1cccc2ccccc21,"InChI=1S/C11H10/c1-9-5-4-7-10-6-2-3-8-11(9)10/h2-8H,1H3",0.000514,-2.285391705,0,142.0782503
Clc1cccc2ccccc21,InChI=1S/C10H7Cl/c11-10-7-3-5-8-4-1-2-6-9(8)10/h1-7H,0.000355,-2.504359647,0,162.0236279
Oc1cccc2ccccc21,"InChI=1S/C10H8O/c11-10-7-3-5-8-4-1-2-6-9(8)10/h1-7,11H",6.00E-08,-7.643036105,0,144.0575149
COc1cccc(OC)c1O,"InChI=1S/C8H10O3/c1-10-6-4-3-5-7(11-2)8(6)9/h3-5,9H,1-2H3",2.31E-07,-6.845466706,2,154.0629942
c1cccc2ccccc21,InChI=1S/C10H8/c1-2-6-10-8-4-3-7-9(10)5-1/h1-8H,0.00044,-2.377360748,0,128.0626003
Cc1cc2ccccc2cc1,"InChI=1S/C11H10/c1-9-6-7-10-4-2-3-5-11(10)8-9/h2-8H,1H3",0.000518,-2.280805352,0,142.0782503
Clc1cc2ccccc2cc1,InChI=1S/C10H7Cl/c11-10-6-5-8-3-1-2-4-9(8)7-10/h1-7H,0.00032,-2.565769628,0,162.0236279
Nc1cc2ccccc2cc1,"InChI=1S/C10H9N/c11-10-6-5-8-3-1-2-4-9(8)7-10/h1-7H,11H2",8.10E-08,-7.465483247,0,143.0734993
c1ccccc1-c1ccccc1,InChI=1S/C12H10/c1-3-7-11(8-4-1)12-9-5-2-6-10-12/h1-10H,0.000308,-2.588382695,1,154.0782503
Cc1ccc(O)c(c1)OC,"InChI=1S/C8H10O2/c1-6-3-4-7(9)8(5-6)10-2/h3-5,9H,1-2H3",1.33E-06,-5.809797088,1,138.0680796
Cc1ccccc1C,"InChI=1S/C8H10/c1-7-5-3-4-6-8(7)2/h3-6H,1-2H3",0.00518,-0.918511762,0,106.0782503
Cc1ccccc1O,"InChI=1S/C7H8O/c1-6-4-2-3-5-7(6)8/h2-5,8H,1H3",1.20E-06,-5.870651281,0,108.0575149
Cc1ccccc1Cl,"InChI=1S/C7H7Cl/c1-6-4-2-3-5-7(6)8/h2-5H,1H3",0.00357,-1.138742247,0,126.0236279
Clc1ccccc1Cl,InChI=1S/C6H4Cl2/c7-5-3-1-2-4-6(5)8/h1-4H,0.00192,-1.505699167,0,145.9690055
Cc1ccccc1N,"InChI=1S/C7H9N/c1-6-4-2-3-5-7(6)8/h2-5H,8H2,1H3",1.98E-06,-5.574374298,0,107.0734993
Oc1ccccc1Cl,"InChI=1S/C6H5ClO/c7-5-3-1-2-4-6(5)8/h1-4,8H",1.12E-05,-4.549176398,0,128.0028925
Cc1cc(C)c(C)cc1,"InChI=1S/C9H12/c1-7-4-5-8(2)9(3)6-7/h4-6H,1-3H3",0.00616,-0.815997872,0,120.0939004
Cc1cc(N)ccc1C,"InChI=1S/C8H11N/c1-6-3-4-8(9)5-7(6)2/h3-5H,9H2,1-2H3",1.86E-06,-5.611363629,0,121.0891494
Cc1cc(O)ccc1C,"InChI=1S/C8H10O/c1-6-3-4-8(9)5-7(6)2/h3-5,9H,1-2H3",4.15E-07,-6.498850015,0,122.0731649
Cc1cc(O)c(C)cc1,"InChI=1S/C8H10O/c1-6-3-4-7(2)8(9)5-6/h3-5,9H,1-2H3",1.12E-06,-5.911469988,0,122.0731649
Clc1cc(Cl)c(Cl)cc1Cl,InChI=1S/C6H2Cl4/c7-3-1-4(8)6(10)2-5(3)9/h1-2H,0.001,-1.891638615,0,213.8910608
ClC(CCl)CCl,"InChI=1S/C3H5Cl3/c4-1-3(6)2-5/h3H,1-2H2",0.000343,-2.524704456,2,145.9456832
CCC(=O)CC,"InChI=1S/C5H10O/c1-3-5(6)4-2/h3-4H2,1-2H3",5.00E-05,-3.664023438,2,86.07316494
CC1CCCO1,"InChI=1S/C5H10O/c1-5-3-2-4-6-5/h5H,2-4H2,1H3",9.30E-05,-3.296867682,0,86.07316494
CC(C)(C)c1ccc(O)cc1,"InChI=1S/C10H14O/c1-10(2,3)8-4-6-9(11)7-5-8/h4-7,11H,1-3H3",1.19E-06,-5.875602244,0,150.1044651
CC1CCC(CC=1)C(C)(C)O,"InChI=1S/C10H18O/c1-8-4-6-9(7-5-8)10(2,3)11/h4,9,11H,5-7H2,1-3H3",2.23E-06,-5.504025903,1,154.1357652
CC(C)c1ccccc1,"InChI=1S/C9H12/c1-8(2)9-6-4-3-5-7-9/h3-8H,1-2H3",0.0115,-0.446656746,1,120.0939004
CC(=O)c1ccccc1,"InChI=1S/C8H8O/c1-7(9)8-5-3-2-4-6-8/h2-6H,1H3",1.04E-05,-4.593021386,1,120.0575149
CN(C)C1CCCCC1,"InChI=1S/C8H17N/c1-9(2)8-6-4-3-5-7-8/h8H,3-7H2,1-2H3",2.35E-05,-4.110722425,1,127.1360995
[O-][N+](=O)c1ccccc1,InChI=1S/C6H5NO2/c8-7(9)6-4-2-1-3-5-6/h1-5H,2.40E-05,-4.098266458,1,123.0320284
Cc1cc(ccc1)[N+]([O-])=O,"InChI=1S/C7H7NO2/c1-6-3-2-4-7(5-6)8(9)10/h2-5H,1H3",9.30E-06,-4.659161272,1,137.0476785
Nc1cc(ccc1)[N+]([O-])=O,"InChI=1S/C6H6N2O2/c7-5-2-1-3-6(4-5)8(9)10/h1-4H,7H2",7.91E-09,-8.841820089,1,138.0429274
[O-][N+](=O)c1cc(Cl)c(Cl)cc1,InChI=1S/C6H3Cl2NO2/c7-5-2-1-4(9(10)11)3-6(5)8/h1-3H,8.07E-06,-4.743091382,1,190.9540837
[O-][N+](=O)c1cc(ccc1)[N+]([O-])=O,InChI=1S/C6H4N2O4/c9-7(10)5-2-1-3-6(4-5)8(11)12/h1-4H,4.90E-08,-7.762856869,2,168.0171066
CC1CC=C(CC=1)C(C)C,"InChI=1S/C10H16/c1-8(2)10-6-4-9(3)5-7-10/h4,7-8H,5-6H2,1-3H3",0.0258,0.031401862,1,136.1252005
Cc1ccc(cc1)[N+]([O-])=O,"InChI=1S/C7H7NO2/c1-6-2-4-7(5-3-6)8(9)10/h2-5H,1H3",5.63E-06,-4.956106609,1,137.0476785
[O-][N+](=O)c1ccc(Cl)cc1,InChI=1S/C6H4ClNO2/c7-5-1-3-6(4-2-5)8(9)10/h1-4H,4.89E-06,-5.039478345,1,156.993056
Nc1ccc(cc1)[N+]([O-])=O,"InChI=1S/C6H6N2O2/c7-5-1-3-6(4-2-5)8(9)10/h1-4H,7H2",1.26E-09,-9.928666005,1,138.0429274
[O-][N+](=O)c1ccc(O)cc1,"InChI=1S/C6H5NO3/c8-6-3-1-5(2-4-6)7(9)10/h1-4,8H",4.15E-10,-10.58573078,1,139.026943
CCc1ccccc1,"InChI=1S/C8H10/c1-2-8-6-4-3-5-7-8/h3-7H,2H2,1H3",0.00788,-0.670306696,1,106.0782503
C=Cc1ccccc1,"InChI=1S/C8H8/c1-2-8-6-4-3-5-7-8/h2-7H,1H2",0.00275,-1.293138502,1,104.0626003
N#Cc1cc[n]cc1,InChI=1S/C6H4N2/c7-5-6-1-3-8-4-2-6/h1-4H,9.29E-07,-6.022091373,0,104.0374481
OCc1ccccc1,"InChI=1S/C7H8O/c8-6-7-4-2-1-3-5-7/h1-5,8H,6H2",3.37E-07,-6.622026143,1,108.0575149
O=Cc1ccccc1,InChI=1S/C7H6O/c8-6-7-4-2-1-3-5-7/h1-6H,2.67E-05,-4.035192238,1,106.0418648
N#Cc1c[n]ccc1,"InChI=1S/C6H4N2/c7-4-6-2-1-3-8-5-6/h1-3,5H",2.74E-07,-6.744468189,0,104.0374481
CNc1ccccc1,"InChI=1S/C7H9N/c1-8-7-5-3-2-4-6-7/h2-6,8H,1H3",8.88E-06,-4.686502481,1,107.0734993
CCc1cccc[n]1,"InChI=1S/C7H9N/c1-2-7-5-3-4-6-8-7/h3-6H,2H2,1H3",1.65E-05,-4.319948812,1,107.0734993
O=NN1CCCCC1,InChI=1S/C5H10N2O/c8-6-7-4-2-1-3-5-7/h1-5H2,8.44E-07,-6.078862598,1,114.0793129
Oc1cc(C=O)ccc1,"InChI=1S/C7H6O2/c8-5-6-2-1-3-7(9)4-6/h1-5,9H",2.50E-09,-9.523289032,1,122.0367794
CCCCC(COC(=O)CCCCC(=O)OCC(CCCC)CC)CC,"InChI=1S/C22H42O4/c1-5-9-13-19(7-3)17-25-21(23)15-11-12-16-22(24)26-18-20(8-4)14-10-6-2/h19-20H,5-18H2,1-4H3",4.34E-07,-6.472364803,17,370.3083098
CCCc1ccccc1,"InChI=1S/C9H12/c1-2-6-9-7-4-3-5-8-9/h3-5,7-8H,2,6H2,1H3",0.0105,-0.500478979,2,120.0939004
CCNc1ccccc1,"InChI=1S/C8H11N/c1-2-9-8-6-4-3-5-7-8/h3-7,9H,2H2,1H3",9.78E-06,-4.629387111,2,121.0891494
COc1ccc(N)cc1,"InChI=1S/C7H9NO/c1-9-7-4-2-6(8)3-5-7/h2-5H,8H2,1H3",6.60E-08,-7.586647115,1,123.0684139
Cc1cc(C)c(O)cc1,"InChI=1S/C8H10O/c1-6-3-4-8(9)7(2)5-6/h3-5,9H,1-2H3",9.51E-07,-6.008243927,0,122.0731649
CCCCCCC(=O)OCC,"InChI=1S/C9H18O2/c1-3-5-6-7-8-9(10)11-4-2/h3-8H2,1-2H3",0.000499,-2.302914306,6,158.1306798
Cc1ccc(Br)cc1,"InChI=1S/C7H7Br/c1-6-2-4-7(8)5-3-6/h2-5H,1H3",0.00233,-1.391191999,0,169.9731123
Oc1ccc(Br)cc1,"InChI=1S/C6H5BrO/c7-5-1-3-6(8)4-2-5/h1-4,8H",1.51E-07,-7.096993827,0,171.9523769
Cc1ccc(C)cc1,"InChI=1S/C8H10/c1-7-3-5-8(2)6-4-7/h3-6H,1-2H3",0.0069,-0.748879876,0,106.0782503
Cc1ccc(O)cc1,"InChI=1S/C7H8O/c1-6-2-4-7(8)5-3-6/h2-5,8H,1H3",1.00E-06,-5.978519385,0,108.0575149
Clc1ccc(Cl)cc1,InChI=1S/C6H4Cl2/c7-5-1-2-6(8)4-3-5/h1-4H,0.00241,-1.371219247,0,145.9690055
Cc1ccc(N)cc1,"InChI=1S/C7H9N/c1-6-2-4-7(8)5-3-6/h2-5H,8H2,1H3",2.02E-06,-5.562541172,0,107.0734993
CCCCCC(=O)OC,"InChI=1S/C7H14O2/c1-3-4-5-6-7(8)9-2/h3-6H2,1-2H3",0.000367,-2.484691245,4,130.0993797
BrCCBr,InChI=1S/C2H4Br2/c3-1-2-4/h1-2H2,0.00065,-2.14650555,1,185.8679743
C#CCBr,"InChI=1S/C3H3Br/c1-2-3-4/h1H,3H2",0.00113,-1.819330192,0,117.9418122
CCC=C,"InChI=1S/C4H8/c1-3-4-2/h3H,1,4H2,2H3",0.233,1.333395181,1,56.06260026
C=CC=O,"InChI=1S/C3H4O/c1-2-3-4/h2-3H,1H2",0.000122,-3.136284761,1,56.02621475
CCCS,"InChI=1S/C3H8S/c1-2-3-4/h4H,2-3H2,1H3",0.00408,-1.059740189,1,76.03467126
ClCCBr,InChI=1S/C2H4BrCl/c3-1-2-4/h1-2H2,0.000909,-1.948086771,1,141.9184899
ClCCCl,InChI=1S/C2H4Cl2/c3-1-2-4/h1-2H2,0.00118,-1.793714217,1,97.96900549
CCCN,"InChI=1S/C3H9N/c1-2-3-4/h2-4H2,1H3",1.48E-05,-4.384279351,1,59.07349929
CCC#N,"InChI=1S/C3H5N/c1-2-3-4/h2H2,1H3",3.70E-05,-3.842168228,0,55.04219916
C=CC#N,"InChI=1S/C3H3N/c1-2-3-4/h2H,1H2",0.000138,-3.063375822,0,53.0265491
NCCN,InChI=1S/C2H8N2/c3-1-2-4/h1-4H2,1.73E-09,-9.741111475,1,60.06874826
C=CCO,"InChI=1S/C3H6O/c1-2-3-4/h2,4H,1,3H2",4.99E-06,-5.027501486,1,58.04186481
OCCO,"InChI=1S/C2H6O2/c3-1-2-4/h3-4H,1-2H2",6.00E-08,-7.643036105,1,62.03677943
O=CC=O,InChI=1S/C2H2O2/c3-1-2-4/h1-2H,3.33E-09,-9.353677725,1,58.0054793
COC=O,"InChI=1S/C2H4O2/c1-4-2-3/h2H,1H3",0.000223,-2.779438723,1,60.02112937
CC(C)CCBr,"InChI=1S/C5H11Br/c1-5(2)3-4-6/h5H,3-4H2,1-2H3",0.0346,0.205034889,2,150.0044125
CCCC(C)=O,"InChI=1S/C5H10O/c1-3-4-5(2)6/h3-4H2,1-2H3",8.36E-05,-3.359910095,2,86.07316494
CCCC(O)=O,"InChI=1S/C4H8O2/c1-2-3-4(5)6/h2-3H2,1H3,(H,5,6)",5.35E-07,-6.348581286,2,88.0524295
COCC(C)O,"InChI=1S/C4H10O2/c1-4(5)3-6-2/h4-5H,3H2,1-2H3",9.20E-07,-6.027850996,2,90.06807956
CCC[N+]([O-])=O,"InChI=1S/C3H7NO2/c1-2-3-4(5)6/h2-3H2,1H3",8.70E-05,-3.336324739,2,89.04767846
CC(C)CC(C)N,"InChI=1S/C6H15N/c1-5(2)4-6(3)7/h5-6H,4,7H2,1-3H3",3.12E-05,-3.943042159,2,101.1204495
CC(C)CC(C)O,"InChI=1S/C6H14O/c1-5(2)4-6(3)7/h5-7H,4H2,1-3H3",4.45E-05,-3.732969108,2,102.1044651
CC(C)OC(C)C,"InChI=1S/C6H14O/c1-5(2)7-6(3)4/h5-6H,1-4H3",0.00256,-1.335495927,2,102.1044651
CC(C)OC(C)=O,"InChI=1S/C5H10O2/c1-4(2)7-5(3)6/h4H,1-3H3",0.000278,-2.649012826,1,102.0680796
Cc1cc(C)ccc1,"InChI=1S/C8H10/c1-7-4-3-5-8(2)6-7/h3-6H,1-2H3",0.00718,-0.725345772,0,106.0782503
Cc1cc(O)ccc1,"InChI=1S/C7H8O/c1-6-3-2-4-7(8)5-6/h2-5,8H,1H3",8.56E-07,-6.070509943,0,108.0575149
Nc1cc(Cl)ccc1,"InChI=1S/C6H6ClN/c7-5-2-1-3-6(8)4-5/h1-4H,8H2",1.00E-06,-5.978519385,0,127.0188769
Oc1cc(Cl)ccc1,"InChI=1S/C6H5ClO/c7-5-2-1-3-6(8)4-5/h1-4,8H",3.45E-07,-6.608145469,0,128.0028925
Cc1cc(N)ccc1,"InChI=1S/C7H9N/c1-6-3-2-4-7(8)5-6/h2-5H,8H2,1H3",1.66E-06,-5.678667548,0,107.0734993
Cc1cc(C)[n]cc1,"InChI=1S/C7H9N/c1-6-3-4-8-7(2)5-6/h3-5H,1-2H3",6.74E-06,-4.84964132,0,107.0734993
Cc1cccc(C)[n]1,"InChI=1S/C7H9N/c1-6-4-3-5-7(2)8-6/h3-5H,1-2H3",1.04E-05,-4.593021386,0,107.0734993
Cc1cc(C)cc(C)c1,"InChI=1S/C9H12/c1-7-4-8(2)6-9(3)5-7/h4-6H,1-3H3",0.00877,-0.606996314,0,120.0939004
Cc1cc(O)cc(C)c1,"InChI=1S/C8H10O/c1-6-3-7(2)5-8(9)4-6/h3-5,9H,1-2H3",6.14E-07,-6.267096255,0,122.0731649
Clc1cc(Cl)cc(Cl)c1,InChI=1S/C6H3Cl3/c7-4-1-5(8)3-6(9)2-4/h1-3H,0.00189,-1.515016471,0,179.9300331
Brc1ccccc1,InChI=1S/C6H5Br/c7-6-4-2-1-3-5-6/h1-5H,0.00247,-1.356670073,0,155.9574623
CC1CCCCC1,"InChI=1S/C7H14/c1-7-5-3-2-4-6-7/h7H,2-6H2,1H3",0.43,1.695918582,0,98.10955045
Cc1ccccc1,"InChI=1S/C7H8/c1-7-5-3-2-4-6-7/h2-6H,1H3",0.00664,-0.771604311,0,92.06260026
Cc1cc[n]cc1,"InChI=1S/C6H7N/c1-6-2-4-7-5-3-6/h2-5H,1H3",6.00E-06,-4.918448925,0,93.05784922
Clc1ccccc1,InChI=1S/C6H5Cl/c7-6-4-2-1-3-5-6/h1-5H,0.00311,-1.220354296,0,112.0079778
NC1CCCCC1,"InChI=1S/C6H13N/c7-6-4-2-1-3-5-6/h6H,1-5,7H2",4.16E-06,-5.135132509,0,99.10479942
OC1CCCCC1,"InChI=1S/C6H12O/c7-6-4-2-1-3-5-6/h6-7H,1-5H2",4.40E-06,-5.101947928,0,100.088815
O=C1CCCCC1,InChI=1S/C6H10O/c7-6-4-2-1-3-5-6/h1-5H2,9.00E-06,-4.678560931,0,98.07316494
Oc1ccccc1,"InChI=1S/C6H6O/c7-6-4-2-1-3-5-6/h1-5,7H",3.33E-07,-6.629090545,0,94.04186481
Cc1c[n]ccc1,"InChI=1S/C6H7N/c1-6-3-2-4-7-5-6/h2-5H,1H3",7.73E-06,-4.768558154,0,93.05784922
Cc1cccc[n]1,"InChI=1S/C6H7N/c1-6-4-2-3-5-7-6/h2-5H,1H3",9.96E-06,-4.618597087,0,93.05784922
Cc1c[n]cc[n]1,"InChI=1S/C5H6N2/c1-5-4-6-2-3-7-5/h2-4H,1H3",2.20E-06,-5.512039162,0,94.05309819
CCCCC(O)=O,"InChI=1S/C5H10O2/c1-2-3-4-5(6)7/h2-4H2,1H3,(H,6,7)",4.72E-07,-6.42270611,3,102.0680796
CC(C)OCCO,"InChI=1S/C5H12O2/c1-5(2)7-4-3-6/h5-6H,3-4H2,1-2H3",9.20E-07,-6.027850996,3,104.0837296
CCCOC(C)=O,"InChI=1S/C5H10O2/c1-3-4-7-5(2)6/h3-4H2,1-2H3",0.000218,-2.792855093,2,102.0680796
BrCCCBr,InChI=1S/C3H6Br2/c4-2-1-3-5/h1-3H2,0.000888,-1.961915301,2,199.8836244
CCCCC,"InChI=1S/C5H12/c1-3-5-4-2/h3-5H2,1-2H3",1.25,2.327262045,2,72.09390038
CCCCCl,"InChI=1S/C4H9Cl/c1-2-3-4-5/h2-4H2,1H3",0.0167,-0.225939804,2,92.03927797
CCCCN,"InChI=1S/C4H11N/c1-2-3-4-5/h2-5H2,1H3",1.74E-05,-4.288527096,2,73.08914935
CCCC#N,"InChI=1S/C4H7N/c1-2-3-4-5/h2-3H2,1H3",5.23E-05,-3.63741555,1,69.05784922
CCCCS,"InChI=1S/C4H10S/c1-2-3-4-5/h5H,2-4H2,1H3",0.00454,-0.996535638,2,90.05032132
COCCO,"InChI=1S/C3H8O2/c1-5-3-2-4/h4H,2-3H2,1H3",3.30E-07,-6.634444758,2,76.0524295
COCOC,"InChI=1S/C3H8O2/c1-4-3-5-2/h3H2,1-2H3",0.000173,-2.929643525,2,76.0524295
CCNCC,"InChI=1S/C4H11N/c1-3-5-4-2/h5H,3-4H2,1-2H3",2.55E-05,-4.062398713,2,73.08914935
CCOC=O,"InChI=1S/C3H6O2/c1-2-5-3-4/h3H,2H2,1H3",0.000385,-2.456362806,2,74.03677943
c1ccc[nH]1,InChI=1S/C4H5N/c1-2-4-5-3-1/h1-5H,1.80E-05,-4.268469698,0,67.04219916
C1CCCO1,InChI=1S/C4H8O/c1-2-4-5-3-1/h1-4H2,7.05E-05,-3.460743198,0,72.05751488
c1ccc[s]1,InChI=1S/C4H4S/c1-2-4-5-3-1/h1-4H,0.00227,-1.406626872,0,84.00337113
CC(C)COC(C)=O,"InChI=1S/C6H12O2/c1-5(2)4-8-6(3)7/h5H,4H2,1-3H3",0.000454,-2.358829228,2,116.0837296
CCCCCC(C)=O,"InChI=1S/C7H14O/c1-3-4-5-6-7(2)8/h3-6H2,1-2H3",0.000169,-2.943483608,4,114.1044651
CC(C)CCOC=O,"InChI=1S/C6H12O2/c1-6(2)3-4-8-5-7/h5-6H,3-4H2,1-2H3",0.000674,-2.12505414,4,116.0837296
ClCCCCCl,InChI=1S/C4H8Cl2/c5-3-1-2-4-6/h1-4H2,0.000486,-2.318532017,3,126.0003056
CCCCCN,"InChI=1S/C5H13N/c1-2-3-4-5-6/h2-6H2,1H3",2.43E-05,-4.09091684,3,87.10479942
CCCCC=O,"InChI=1S/C5H10O/c1-2-3-4-5-6/h5H,2-4H2,1H3",0.000147,-3.025996872,3,86.07316494
CCOCCO,"InChI=1S/C4H10O2/c1-2-6-4-3-5/h5H,2-4H2,1H3",4.70E-07,-6.425218371,3,90.06807956
CCSSCC,"InChI=1S/C4H10S2/c1-3-5-6-4-2/h3-4H2,1-2H3",0.00215,-1.438759832,3,122.0223923
C1CCCCC1,InChI=1S/C6H12/c1-2-4-6-5-3-1/h1-6H2,0.15,1.072836558,0,84.09390038
C1CCCC=C1,"InChI=1S/C6H10/c1-2-4-6-5-3-1/h1-2H,3-6H2",0.0455,0.367059683,0,82.07825032
c1cccc[n]1,InChI=1S/C5H5N/c1-2-4-6-5-3-1/h1-5H,1.10E-05,-4.559836805,0,79.04219916
C1CCCCN1,"InChI=1S/C5H11N/c1-2-4-6-5-3-1/h6H,1-5H2",4.45E-06,-5.095262698,0,85.08914935
CCCCCCCC(=O)OC,"InChI=1S/C9H18O2/c1-3-4-5-6-7-8-9(10)11-2/h3-8H2,1-2H3",0.000783,-2.036366286,6,158.1306798
CCCCCCC(C)=O,"InChI=1S/C8H16O/c1-3-4-5-6-7-8(2)9/h3-7H2,1-2H3",0.000188,-2.880448724,5,128.1201151
CCOCCOC(C)=O,"InChI=1S/C6H12O3/c1-3-8-4-5-9-6(2)7/h3-5H2,1-2H3",3.20E-06,-5.290356808,4,132.0786442
CCCCCCN,"InChI=1S/C6H15N/c1-2-3-4-5-6-7/h2-7H2,1H3",2.68E-05,-4.032980509,4,101.1204495
CCCCCCO,"InChI=1S/C6H14O/c1-2-3-4-5-6-7/h7H,2-6H2,1H3",1.71E-05,-4.298816687,4,102.1044651
CCCOCCC,"InChI=1S/C6H14O/c1-3-5-7-6-4-2/h3-6H2,1-2H3",0.0022,-1.425158392,4,102.1044651
CCCSCCC,"InChI=1S/C6H14S/c1-3-5-7-6-4-2/h3-6H2,1-2H3",0.00324,-1.19612642,4,118.0816214
C1CCCCCN1,"InChI=1S/C6H13N/c1-2-4-6-7-5-3-1/h7H,1-6H2",6.14E-06,-4.904802665,0,99.10479942
CCCCCCCO,"InChI=1S/C7H16O/c1-2-3-4-5-6-7-8/h8H,2-7H2,1H3",1.88E-05,-4.242742314,5,116.1201151
CCCCCCC=O,"InChI=1S/C7H14O/c1-2-3-4-5-6-7-8/h7H,2-6H2,1H3",0.00027,-2.666288114,5,114.1044651
CCCCOCCO,"InChI=1S/C6H14O2/c1-2-3-5-8-6-4-7/h7H,2-6H2,1H3",1.60E-06,-5.700448041,5,118.0993797
CCCCCCCCO,"InChI=1S/C8H18O/c1-2-3-4-5-6-7-8-9/h9H,2-8H2,1H3",2.45E-05,-4.086067333,6,130.1357652
CCCCNCCCC,"InChI=1S/C8H19N/c1-3-5-7-9-8-6-4-2/h9H,3-8H2,1-2H3",8.90E-05,-3.322877875,6,129.1517496
CCCCOCCOC(C)=O,"InChI=1S/C8H16O3/c1-3-4-5-10-6-7-11-8(2)9/h3-7H2,1-2H3",5.46E-06,-4.974246573,6,160.1099444
CCCCCCCCCC(C)=O,"InChI=1S/C11H22O/c1-3-4-5-6-7-8-9-10-11(2)12/h3-10H2,1-2H3",6.36E-05,-3.521681316,8,170.1670653
CCCCCCCCCCO,"InChI=1S/C10H22O/c1-2-3-4-5-6-7-8-9-10-11/h11H,2-10H2,1H3",3.20E-05,-3.928063218,8,158.1670653
CCCCCCCCCC=O,"InChI=1S/C10H20O/c1-2-3-4-5-6-7-8-9-10-11/h10H,2-9H2,1H3",0.0018,-1.543882518,8,156.1514153
CCCCOCCOCCO,"InChI=1S/C8H18O3/c1-2-3-5-10-7-8-11-6-4-9/h9H,2-8H2,1H3",7.20E-09,-8.897461591,8,162.1255944
CCCCCCCCCCCCO,"InChI=1S/C12H26O/c1-2-3-4-5-6-7-8-9-10-11-12-13/h13H,2-12H2,1H3",2.22E-05,-4.144391358,10,186.1983655
CC=C,"InChI=1S/C3H6/c1-3-2/h3H,1H2,2H3",0.196,1.231087138,0,42.04695019
CC(C)=C,"InChI=1S/C4H8/c1-4(2)3/h1H2,2-3H3",0.218,1.294025677,0,56.06260026
CC(C)(O)C=C,"InChI=1S/C5H10O/c1-4-5(2,3)6/h4,6H,1H2,2-3H3",2.08E-05,-4.182930153,1,86.07316494
CC(C)(O)C#C,"InChI=1S/C5H8O/c1-4-5(2,3)6/h1,6H,2-3H3",3.91E-06,-5.171800784,0,84.05751488
O=S1OCC2C(CO1)C1(Cl)C(Cl)=C(Cl)C2(Cl)C1(Cl)Cl,"InChI=1S/C9H6Cl6O3S/c10-5-6(11)8(13)4-2-18-19(16)17-1-3(4)7(5,12)9(8,14)15/h3-4H,1-2H2",2.42E-05,-4.09432714,0,403.8168811
Clc1c(Cl)c(Cl)c(Cl)c(Cl)c1Cl,InChI=1S/C6Cl6/c7-1-2(8)4(10)6(12)5(11)3(1)9,0.0017,-1.577699527,0,281.8131161
Cc1cc(c(O)cc1)[N+]([O-])=O,"InChI=1S/C7H7NO3/c1-5-2-3-7(9)6(4-5)8(10)11/h2-4,9H,1H3",1.48E-05,-4.384279351,1,153.0425931
c1c2ccccc2cc2ccccc21,InChI=1S/C14H10/c1-2-6-12-10-14-8-4-3-7-13(14)9-11(12)5-1/h1-10H,5.56E-05,-3.601215182,0,178.0782503
Clc1cc(Cl)c(Cl)cc1,InChI=1S/C6H3Cl3/c7-4-1-2-5(8)6(9)3-4/h1-3H,0.00142,-1.68417718,0,179.9300331
O=C1CCCC1,InChI=1S/C5H8O/c6-5-3-1-2-4-5/h1-4H2,1.00E-05,-4.616225795,0,84.05751488
CN1CCCC1,"InChI=1S/C5H11N/c1-6-4-2-3-5-6/h2-5H2,1H3",3.01E-05,-3.964277726,0,85.08914935
Cc1ccc(cc1[N+]([O-])=O)[N+]([O-])=O,"InChI=1S/C7H6N2O4/c1-5-2-3-6(8(10)11)4-7(5)9(12)13/h2-4H,1H3",5.40E-08,-7.705371241,2,182.0327567
CCN(CC)CC,"InChI=1S/C6H15N/c1-4-7(5-2)6-3/h4-6H2,1-3H3",0.000149,-3.018001662,3,101.1204495
[O-][N+](=O)c1cccc(Cl)c1,InChI=1S/C6H4ClNO2/c7-5-2-1-3-6(4-5)8(9)10/h1-4H,1.35E-05,-4.438672938,1,156.993056
CCOC(=O)C(CC(=O)OCC)SP(=S)(OC)OC,"InChI=1S/C10H19O6PS2/c1-5-15-9(11)7-8(10(12)16-6-2)19-17(18,13-3)14-4/h8H,5-7H2,1-4H3",4.89E-09,-9.126359115,9,330.036067
Nc1ccc(cc1Cl)[N+]([O-])=O,"InChI=1S/C6H5ClN2O2/c7-5-3-4(9(10)11)1-2-6(5)8/h1-3H,8H2",9.54E-09,-8.730967683,1,172.0039551
Cc1cc(ccc1[N+]([O-])=O)OP(=S)(OC)OC,"InChI=1S/C9H12NO5PS/c1-7-6-8(4-5-9(7)10(11)12)15-16(17,13-2)14-3/h4-6H,1-3H3",9.30E-07,-6.021454862,5,277.0173801
OCCCc1ccccc1,"InChI=1S/C9H12O/c10-8-4-7-9-5-2-1-3-6-9/h1-3,5-6,10H,4,7-8H2",2.03E-07,-6.921913094,3,136.088815
CCc1ccc(O)cc1,"InChI=1S/C8H10O/c1-2-7-3-5-8(9)6-4-7/h3-6,9H,2H2,1H3",7.73E-07,-6.130851744,1,122.0731649
Oc1ccc(C=O)cc1,"InChI=1S/C7H6O2/c8-5-6-1-3-7(9)4-2-6/h1-5,9H",5.11E-10,-10.46261649,1,122.0367794
CCC=O,"InChI=1S/C3H6O/c1-2-3-4/h3H,2H2,1H3",7.34E-05,-3.436893602,1,58.04186481
CC(C)CCO,"InChI=1S/C5H12O/c1-5(2)3-4-6/h5-6H,3-4H2,1-2H3",1.41E-05,-4.412945554,2,88.088815
CCCC=O,"InChI=1S/C4H8O/c1-2-3-4-5/h4H,2-3H2,1H3",0.000115,-3.171243926,2,72.05751488
C/C=C/C=O,"InChI=1S/C4H6O/c1-2-3-4-5/h2-4H,1H3/b3-2+",1.45E-05,-4.394765346,1,70.04186481
C1CCCN1,"InChI=1S/C4H9N/c1-2-4-5-3-1/h5H,1-4H2",2.39E-06,-5.46303035,0,71.07349929
CCCCCCCCOC(=O)CCCCC(=O)OCCCCCCCC,"InChI=1S/C22H42O4/c1-3-5-7-9-11-15-19-25-21(23)17-13-14-18-22(24)26-20-16-12-10-8-6-4-2/h3-20H2,1-2H3",4.34E-07,-6.472364803,19,370.3083098
CCCCOC(C)=O,"InChI=1S/C6H12O2/c1-3-4-5-8-6(2)7/h3-5H2,1-2H3",0.000281,-2.642662462,3,116.0837296
C1COCCO1,InChI=1S/C4H8O2/c1-2-6-4-3-5-1/h1-4H2,4.80E-06,-5.050468814,0,88.0524295
CC(C)CCOC(C)=O,"InChI=1S/C7H14O2/c1-6(2)4-5-9-7(3)8/h6H,4-5H2,1-3H3",0.000587,-2.206821447,3,130.0993797
CCCCCCC(C)O,"InChI=1S/C8H18O/c1-3-4-5-6-7-8(2)9/h8-9H,3-7H2,1-2H3",0.000123,-3.131455048,5,130.1357652
CCCCCCCC=O,"InChI=1S/C8H16O/c1-2-3-4-5-6-7-8-9/h8H,2-7H2,1H3",0.000514,-2.285391705,6,128.1201151
CCCCCCCCC=O,"InChI=1S/C9H18O/c1-2-3-4-5-6-7-8-9-10/h9H,2-8H2,1H3",0.000734,-2.074600012,7,142.1357652
CNC,"InChI=1S/C2H7N/c1-3-2/h3H,1-2H3",1.77E-05,-4.278413404,0,45.05784922
ClC(Br)Br,InChI=1S/CHBr2Cl/c2-1(3)4/h1H,0.000783,-2.036366286,0,205.8133519
FC(Br)C(F)(F)F,"InChI=1S/C2HBrF4/c3-1(4)2(5,6)7/h1H",0.0573,0.503484157,0,179.919775
CC(=O)C(O)=O,"InChI=1S/C3H4O3/c1-2(4)3(5)6/h1H3,(H,5,6)",3.23E-09,-9.371716823,1,88.01604399
ClC(Cl)=C(Cl)Cl,InChI=1S/C2Cl4/c3-1(4)2(5)6,0.0177,-0.191532634,0,163.8754107
CC(=O)N(C)C,InChI=1S/C4H9NO/c1-4(6)5(2)3/h1-3H3,1.31E-08,-8.543348631,0,87.06841391
c1cc2cccc3ccc4cccc1c4c32,InChI=1S/C16H10/c1-3-11-7-9-13-5-2-6-14-10-8-12(4-1)15(11)16(13)14/h1-10H,1.19E-05,-4.513308654,0,202.0782503
Nc1cccc2ccccc21,"InChI=1S/C10H9N/c11-10-7-3-5-8-4-1-2-6-9(8)10/h1-7H,11H2",1.11E-07,-7.279069771,0,143.0734993
Oc1cc2ccccc2cc1,"InChI=1S/C10H8O/c11-10-6-5-8-3-1-2-4-9(8)7-10/h1-7,11H",2.74E-08,-8.106761779,0,144.0575149
Cc1cc(N)c(C)cc1C,"InChI=1S/C9H13N/c1-6-4-8(3)9(10)5-7(6)2/h4-5H,10H2,1-3H3",2.48E-06,-5.441160389,0,135.1047994
CCC(C)CO,"InChI=1S/C5H12O/c1-3-5(2)4-6/h5-6H,3-4H2,1-2H3",1.41E-05,-4.412945554,2,88.088815
OCC=O,"InChI=1S/C2H4O2/c3-1-2-4/h1,4H,2H2",2.42E-08,-8.180237352,1,60.02112937
C/C(=C\C(=O)N(C)C)/OP(=O)(OC)OC,"InChI=1S/C8H16NO5P/c1-7(6-8(10)9(2)3)14-15(11,12-4)13-5/h6H,1-5H3/b7-6+",5.03E-11,-11.83424577,5,237.0766092
CCOC(C)=O,"InChI=1S/C4H8O2/c1-3-6-4(2)5/h3H2,1-2H3",0.000134,-3.080778153,1,88.0524295
ClCCCCl,InChI=1S/C3H6Cl2/c4-2-1-3-5/h1-3H2,0.000976,-1.906011061,2,111.9846556
CCCCCC(O)=O,"InChI=1S/C6H12O2/c1-2-3-4-5-6(7)8/h2-5H2,1H3,(H,7,8)",7.58E-07,-6.142445255,4,116.0837296
C1CCCCO1,InChI=1S/C5H10O/c1-2-4-6-5-3-1/h1-5H2,0.000125,-3.121912315,0,86.07316494
C/C=C/C=C/C=O,"InChI=1S/C6H8O/c1-2-3-4-5-6-7/h2-6H,1H3/b3-2+,5-4+",9.78E-06,-4.629387111,2,96.05751488
CCCNCCC,"InChI=1S/C6H15N/c1-3-5-7-6-4-2/h7H,3-6H2,1-2H3",5.10E-05,-3.65230748,4,101.1204495
CCCCCCOC(C)=O,"InChI=1S/C8H16O2/c1-3-4-5-6-7-10-8(2)9/h3-7H2,1-2H3",0.00053,-2.26725583,5,144.1150298
CCCCOCCCC,"InChI=1S/C8H18O/c1-3-5-7-9-8-6-4-2/h3-8H2,1-2H3",0.006,-0.831568155,6,130.1357652
OC(=O)CF,"InChI=1S/C2H3FO2/c3-1-2(4)5/h1H2,(H,4,5)",1.24E-08,-8.575838802,1,78.01170756
OC(=O)C(O)=O,"InChI=1S/C2H2O4/c3-1(4)2(5)6/h(H,3,4)(H,5,6)",1.43E-10,-11.21608046,0,89.99530854
COc1cccc(O)c1,"InChI=1S/C7H8O2/c1-9-7-4-2-3-6(8)5-7/h2-5,8H,1H3",5.80E-08,-7.663093503,1,124.0524295
FC(F)(F)C(Cl)Br,"InChI=1S/C2HBrClF3/c3-1(4)2(5,6)7/h1H",0.0203,-0.110445144,0,195.8902245
Cl/C=C\Cl,InChI=1S/C2H2Cl2/c3-1-2-4/h1-2H/b2-1-,0.00673,-0.763639001,0,95.95335542
c1cc2ccc3cccc4c3c2c2c3c4cccc3ccc21,InChI=1S/C22H12/c1-3-13-7-9-15-11-12-16-10-8-14-4-2-6-18-17(5-1)19(13)21(15)22(16)20(14)18/h1-12H,3.31E-07,-6.632654631,0,276.0939004
c1c2c3c4c5c1cccc5ccc4ccc3-c1ccccc1-2,InChI=1S/C22H12/c1-2-7-17-16(6-1)18-11-10-14-9-8-13-4-3-5-15-12-19(17)22(18)21(14)20(13)15/h1-12H,3.48E-07,-6.603023042,0,276.0939004
c1c2c3c(cccc3-c3ccccc3-2)c2ccccc21,InChI=1S/C20H12/c1-2-7-14-13(6-1)12-19-16-9-4-3-8-15(16)18-11-5-10-17(14)20(18)19/h1-12H,6.57E-07,-6.227048913,0,252.0939004
c1ccc2c3c(cccc31)-c1ccccc1-2,InChI=1S/C16H10/c1-2-8-13-12(7-1)14-9-3-5-11-6-4-10-15(13)16(11)14/h1-10H,8.86E-06,-4.687836499,0,202.0782503
c1c2-c3cccc4cccc(c43)-c2cc2ccccc21,InChI=1S/C20H12/c1-2-6-15-12-19-17-10-4-8-13-7-3-9-16(20(13)17)18(19)11-14(15)5-1/h1-12H,5.84E-07,-6.296733666,0,252.0939004
c1ccc2C=Cc3cccc1c32,InChI=1S/C12H8/c1-3-9-4-2-6-11-8-7-10(5-1)12(9)11/h1-8H,0.000114,-3.176411091,0,152.0626003
c1cc2c3ccccc3ccc2c2ccccc21,InChI=1S/C18H12/c1-3-7-15-13(5-1)9-11-18-16-8-4-2-6-14(16)10-12-17(15)18/h1-12H,5.23E-06,-4.99970914,0,228.0939004
C1c2c3ccccc3ccc2-c2ccccc21,"InChI=1S/C17H12/c1-3-7-14-12(5-1)9-10-16-15-8-4-2-6-13(15)11-17(14)16/h1-10H,11H2",2.66E-05,-4.037412265,0,216.0939004
C1CCCC1,InChI=1S/C5H10/c1-2-4-5-3-1/h1-5H2,0.152,1.080672919,0,70.07825032
COP(=S)(Oc1ccc(cc1)[N+]([O-])=O)OC,"InChI=1S/C8H10NO5PS/c1-12-15(16,13-2)14-8-5-3-7(4-6-8)9(10)11/h3-6H,1-2H3",1.00E-07,-7.340812975,5,263.0017301
FC(F)(F)C(Cl)Cl,"InChI=1S/C2HCl2F3/c3-1(4)2(5,6)7/h1H",0.0256,0.026797663,0,151.9407401
"ClC1(Cl)[C@@]2(Cl)[C@@H]3[C@@H]4C[C@@H](C=C4)[C@@H]3[C@]1(Cl)C(Cl)=C2Cl |&1:3,5,6,8,11,12|","InChI=1S/C12H8Cl6/c13-8-9(14)11(16)7-5-2-1-4(3-5)6(7)10(8,15)12(11,17)18/h1-2,4-7H,3H2/t4-,5+,6+,7-,10+,11-",4.40E-05,-3.739654338,0,361.8757163
Cc1cc([n]c([n]1)C(C)C)OP(=S)(OCC)OCC,"InChI=1S/C12H21N2O3PS/c1-6-15-18(19,16-7-2)17-11-8-10(5)13-12(14-11)9(3)4/h8-9H,6-7H2,1-5H3",1.13E-07,-7.268504552,7,304.1010502
CC(=O)c1ccc[n]c1,"InChI=1S/C7H7NO/c1-6(9)7-3-2-4-8-5-7/h2-5H,1H3",2.13E-08,-8.255757136,1,121.0527638
CCSCC,"InChI=1S/C4H10S/c1-3-5-4-2/h3-4H2,1-2H3",0.00168,-1.584701225,2,90.05032132
O=C(F)F,InChI=1S/CF2O/c2-1(3)4,0.001,-1.891638615,0,65.99172106
O=C(Cl)C(F)(F)F,"InChI=1S/C2ClF3O/c3-1(7)2(4,5)6",0.00045,-2.364064985,0,131.958977
O=C(F)C(F)(F)F,"InChI=1S/C2F4O/c3-1(7)2(4,5)6",0.000333,-2.542209775,0,115.9885275
Oc1ccccc1F,"InChI=1S/C6H5FO/c7-5-3-1-2-4-6(5)8/h1-4,8H",3.22E-06,-5.286670586,0,112.032443
Oc1ccc(F)cc1,"InChI=1S/C6H5FO/c7-5-1-3-6(8)4-2-5/h1-4,8H",7.05E-07,-6.185330378,0,112.032443
C[C@H](O)C(F)(F)F,"InChI=1S/C3H5F3O/c1-2(7)3(4,5)6/h2,7H,1H3/t2-/m0/s1",2.18E-05,-4.155148683,0,114.0292494
OC(=O)C(F)F,"InChI=1S/C2H2F2O2/c3-1(4)2(5)6/h1H,(H,5,6)",3.30E-08,-7.996738348,1,96.00228574
CC(=O)C(F)(F)F,"InChI=1S/C3H3F3O/c1-2(7)3(4,5)6/h1H3",7.81E-06,-4.762466603,0,112.0135994
OCC(F)(F)C(F)(F)F,"InChI=1S/C3H3F5O/c4-2(5,1-9)3(6,7)8/h9H,1H2",2.23E-05,-4.141732313,1,150.0104058
FC(F)(F)C(F)(F)C(Cl)Cl,"InChI=1S/C3HCl2F5/c4-1(5)2(6,7)3(8,9)10/h1H",0.502,1.787512747,1,201.9375465
CC(=O)C(C)=O,InChI=1S/C4H6O2/c1-3(5)4(2)6/h1-2H3,1.33E-05,-4.447503498,1,86.03677943
[O-][N+](=O)c1ccc(F)cc1O,"InChI=1S/C6H4FNO3/c7-4-1-2-5(8(10)11)6(9)3-4/h1-3,9H",1.97E-05,-4.215076343,1,157.0175212
Fc1ccccc1,InChI=1S/C6H5F/c7-6-4-2-1-3-5-6/h1-5H,0.00625,-0.807416369,0,96.03752838
C1CCc2ccccc21,"InChI=1S/C9H10/c1-2-5-9-7-3-6-8(9)4-1/h1-2,4-5H,3,6-7H2",0.000201,-2.840890159,0,118.0782503
O=Cc1c[n]ccc1,InChI=1S/C6H5NO/c8-5-6-2-1-3-7-4-6/h1-5H,1.50E-07,-7.100924982,1,107.0371138
CC(C)CC(O)=O,"InChI=1S/C5H10O2/c1-4(2)3-5(6)7/h4H,3H2,1-2H3,(H,6,7)",8.33E-07,-6.086624191,2,102.0680796
CCCC=CC=O,"InChI=1S/C6H10O/c1-2-3-4-5-6-7/h4-6H,2-3H2,1H3",4.89E-05,-3.677184755,3,98.07316494
ClCCSCCCl,InChI=1S/C4H8Cl2S/c5-1-3-7-4-2-6/h1-4H2,2.45E-05,-4.086067333,4,157.9723766
COP(=O)(OC)OC,"InChI=1S/C3H9O4P/c1-5-8(4,6-2)7-3/h1-3H3",7.20E-09,-8.897461591,3,140.0238454
CCCOP(=O)(OCCC)OCCC,"InChI=1S/C9H21O4P/c1-4-7-11-14(10,12-8-5-2)13-9-6-3/h4-9H2,1-3H3",6.80E-07,-6.20669142,9,224.1177458
Cc1c(C)cccc1C,"InChI=1S/C9H12/c1-7-5-4-6-8(2)9(7)3/h4-6H,1-3H3",0.00436,-1.02047027,0,120.0939004
Cc1cccc(O)c1C,"InChI=1S/C8H10O/c1-6-4-3-5-8(9)7(6)2/h3-5,9H,1-2H3",7.38E-07,-6.158265358,0,122.0731649
CN1CSC(=S)N(C)C1,"InChI=1S/C5H10N2S2/c1-6-3-7(2)5(8)9-4-6/h3-4H2,1-2H3",2.66E-10,-10.84888021,0,162.0285403
Cc1cc(cc(c1O)[N+]([O-])=O)[N+]([O-])=O,"InChI=1S/C7H6N2O5/c1-4-2-5(8(11)12)3-6(7(4)10)9(13)14/h2-3,10H,1H3",1.40E-06,-5.779450099,2,198.0276713
CCc1cc[n]cc1,"InChI=1S/C7H9N/c1-2-7-3-5-8-6-4-7/h3-6H,2H2,1H3",8.48E-06,-4.713771666,1,107.0734993
CCc1c[n]ccc1,"InChI=1S/C7H9N/c1-2-7-4-3-5-8-6-7/h3-6H,2H2,1H3",1.04E-05,-4.593021386,1,107.0734993
ClC=CCl,InChI=1S/C2H2Cl2/c3-1-2-4/h1-2H,0.00408,-1.059740189,0,95.95335542
Clc1cc(Cl)ccc1,InChI=1S/C6H4Cl2/c7-5-2-1-3-6(8)4-5/h1-4H,0.00263,-1.319535591,0,145.9690055
ClC=CCCl,"InChI=1S/C3H4Cl2/c4-2-1-3-5/h1-2H,3H2",0.002377,-1.379376471,1,109.9690055
CC(C)CO[N+]([O-])=O,"InChI=1S/C4H9NO3/c1-4(2)3-8-5(6)7/h4H,3H2,1-2H3",0.00225,-1.411862628,3,119.0582431
CCCCCCl,"InChI=1S/C5H11Cl/c1-2-3-4-5-6/h2-5H2,1H3",0.0238,-0.01633665,3,106.054928
CC(C)CCO[N+]([O-])=O,"InChI=1S/C5H11NO3/c1-5(2)3-4-9-6(7)8/h5H,3-4H2,1-2H3",0.00259,-1.328602996,4,133.0738932
CCCCCCCl,"InChI=1S/C6H13Cl/c1-2-3-4-5-6-7/h2-6H2,1H3",0.0242,-0.006475812,4,120.0705781
CCC(=O)OC,"InChI=1S/C4H8O2/c1-3-4(5)6-2/h3H2,1-2H3",0.000174,-2.926233506,1,88.0524295
Cc1ccc[s]1,"InChI=1S/C5H6S/c1-5-3-2-4-6-5/h2-4H,1H3",0.00241,-1.371219247,0,98.01902119
[O-][N+](=O)c1cccc(O)c1,"InChI=1S/C6H5NO3/c8-6-3-1-2-5(4-6)7(9)10/h1-4,8H",2.00E-09,-9.655308921,1,139.026943
Cc1cc(ccc1)OP(=O)(Oc1cc(C)ccc1)Oc1cc(C)ccc1,"InChI=1S/C21H21O4P/c1-16-7-4-10-19(13-16)23-26(22,24-20-11-5-8-17(2)14-20)25-21-12-6-9-18(3)15-21/h4-15H,1-3H3",8.30E-05,-3.364171601,6,368.1177458
Cc1cccc2c1cccc2C,"InChI=1S/C12H12/c1-9-5-3-8-12-10(2)6-4-7-11(9)12/h3-8H,1-2H3",0.00035,-2.512751796,0,156.0939004
Cc1cccc(C)c1O,"InChI=1S/C8H10O/c1-6-4-3-5-7(2)8(6)9/h3-5,9H,1-2H3",6.65E-06,-4.857594732,0,122.0731649
Cc1cc2ccccc2cc1C,"InChI=1S/C12H12/c1-9-7-11-5-3-4-6-12(11)8-10(9)2/h3-8H,1-2H3",0.00092,-1.940970226,0,156.0939004
Cc1c[n]ccc1C,"InChI=1S/C7H9N/c1-6-3-4-8-5-7(6)2/h3-5H,1-2H3",3.70E-06,-5.204461818,0,107.0734993
CC1CCCCC1O,"InChI=1S/C7H14O/c1-6-4-2-3-5-7(6)8/h6-8H,2-5H2,1H3",7.58E-06,-4.780151665,0,114.1044651
Cc1ccc[n]c1C,"InChI=1S/C7H9N/c1-6-4-3-5-8-7(6)2/h3-5H,1-2H3",7.22E-06,-4.808939664,0,107.0734993
CC(C)=C1CC=C(C)CC1,"InChI=1S/C10H16/c1-8(2)10-6-4-9(3)5-7-10/h4H,5-7H2,1-3H3",0.0262,0.040504143,0,136.1252005
Cc1c[n]c(C)cc1,"InChI=1S/C7H9N/c1-6-3-4-7(2)8-5-6/h3-5H,1-2H3",8.68E-06,-4.699979979,0,107.0734993
C/C=C\C,"InChI=1S/C4H8/c1-3-4-2/h3-4H,1-2H3/b4-3-",0.2275,1.319262039,0,56.06260026
Cc1c[n]cc(C)c1,"InChI=1S/C7H9N/c1-6-3-7(2)5-8-4-6/h3-5H,1-2H3",6.89E-06,-4.836618712,0,107.0734993
CC1CC(O)CCC1,"InChI=1S/C7H14O/c1-6-3-2-4-7(8)5-6/h6-8H,2-5H2,1H3",3.67E-06,-5.209278425,0,114.1044651
ClCI,InChI=1S/CH2ClI/c2-1-3/h1H2,0.000871,-1.973351498,0,175.8889757
COC(=O)C(C)(C)C,"InChI=1S/C6H12O2/c1-6(2,3)5(7)8-4/h1-4H3",0.000425,-2.397881994,0,116.0837296
CC(C)N(N=O)C(C)C,"InChI=1S/C6H14N2O/c1-5(2)8(7-9)6(3)4/h5-6H,1-4H3",7.83E-06,-4.760953466,3,130.1106131
Clc1c(Cl)c(Cl)cc(Cl)c1Cl,InChI=1S/C6HCl5/c7-2-1-3(8)5(10)6(11)4(2)9/h1H,0.000703,-2.100130395,0,247.8520884
Cc1cc(c(O)c(c1)[N+]([O-])=O)[N+]([O-])=O,"InChI=1S/C7H6N2O5/c1-4-2-5(8(11)12)7(10)6(3-4)9(13)14/h2-3,10H,1H3",5.30E-08,-7.71643019,2,198.0276713
CCc1cccc(O)c1,"InChI=1S/C8H10O/c1-2-7-4-3-5-8(9)6-7/h3-6,9H,2H2,1H3",6.28E-07,-6.253757667,1,122.0731649
CCCN(CCC)N=O,"InChI=1S/C6H14N2O/c1-3-5-8(7-9)6-4-2/h3-6H2,1-2H3",5.38E-06,-4.982979375,5,130.1106131
CCCC(=O)OC,"InChI=1S/C5H10O2/c1-3-4-5(6)7-2/h3-4H2,1-2H3",0.000205,-2.829231918,2,102.0680796
CCCCC(=O)OC,"InChI=1S/C6H12O2/c1-3-4-5-6(7)8-2/h3-5H2,1-2H3",0.000318,-2.56947896,3,116.0837296
CSSC,InChI=1S/C2H6S2/c1-3-4-2/h1-2H3,0.00121,-1.778860636,1,93.99109219
CC(C)SC(C)C,"InChI=1S/C6H14S/c1-5(2)7-6(3)4/h5-6H,1-4H3",0.0033,-1.185270398,2,118.0816214
CN1CCCCC1,"InChI=1S/C6H13N/c1-7-5-3-2-4-6-7/h2-6H2,1H3",3.46E-05,-3.881845881,0,99.10479942
CCCO[N+]([O-])=O,"InChI=1S/C3H7NO3/c1-2-3-7-4(5)6/h2-3H2,1H3",0.00127,-1.750227471,3,105.0425931
CCCCCI,"InChI=1S/C5H11I/c1-2-3-4-5-6/h2-5H2,1H3",0.0194,-0.137274573,3,197.9905484
CCCCCOC(C)=O,"InChI=1S/C7H14O2/c1-3-4-5-6-9-7(2)8/h3-6H2,1-2H3",0.000388,-2.45177052,4,130.0993797
ClCCCCCCl,InChI=1S/C5H10Cl2/c6-4-2-1-3-5-7/h1-5H2,0.000558,-2.236797222,4,140.0159557
ClCC(Cl)(Cl)Cl,"InChI=1S/C2H2Cl4/c3-1-2(4,5)6/h1H2",0.0025,-1.349527492,0,165.8910608
OC(=O)C(Br)Br,"InChI=1S/C2H2Br2O2/c3-1(4)2(5)6/h1H,(H,5,6)",4.42E-09,-9.186145535,1,215.8421535
Clc1ccc(Cl)c(Cl)c1Cl,InChI=1S/C6H2Cl4/c7-3-1-2-4(8)6(10)5(3)9/h1-2H,0.00076,-2.054005494,0,213.8910608
Clc1cc(Cl)c(Cl)c(Cl)c1,InChI=1S/C6H2Cl4/c7-3-1-4(8)6(10)5(9)2-3/h1-2H,0.00158,-1.621009339,0,213.8910608
CCOC(C)(C)C,"InChI=1S/C6H14O/c1-5-7-6(2,3)4/h5H2,1-4H3",0.00164,-1.598958218,1,102.1044651
CCCCCCI,"InChI=1S/C6H13I/c1-2-3-4-5-6-7/h2-6H2,1H3",0.0281,0.081924718,4,212.0061984
CCCc1ccc(O)cc1,"InChI=1S/C9H12O/c1-2-3-8-4-6-9(10)7-5-8/h4-7,10H,2-3H2,1H3",1.14E-06,-5.900998271,2,136.088815
C1OCCO1,InChI=1S/C3H6O2/c1-2-5-3-4-1/h1-3H2,2.45E-05,-4.086067333,0,74.03677943
Cc1ccc(c(O)c1)[N+]([O-])=O,"InChI=1S/C7H7NO3/c1-5-2-3-6(8(10)11)7(9)4-5/h2-4,9H,1H3",1.28E-05,-4.470174341,1,153.0425931
CC(C)(C)OC=O,"InChI=1S/C5H10O2/c1-5(2,3)7-4-6/h4H,1-3H3",0.00069,-2.111173466,1,102.0680796
CC(=O)C1CC1,"InChI=1S/C5H8O/c1-4(6)5-2-3-5/h5H,2-3H2,1H3",1.02E-05,-4.604509836,1,84.05751488
FCC(F)(F)F,"InChI=1S/C2H2F4/c3-1-2(4,5)6/h1H2",0.05,0.422857332,0,102.0092629
CCCCCCCC(C)=O,"InChI=1S/C9H18O/c1-3-4-5-6-7-8-9(2)10/h3-8H2,1-2H3",0.000367,-2.484691245,6,142.1357652
CC(=O)C1CCCCC1,"InChI=1S/C8H14O/c1-7(9)8-5-3-2-4-6-8/h8H,2-6H2,1H3",3.38E-05,-3.895685965,1,126.1044651
Cc1cccc2c3ccccc3ccc21,"InChI=1S/C15H12/c1-11-5-4-8-15-13(11)10-9-12-6-2-3-7-14(12)15/h2-10H,1H3",4.93E-05,-3.672364878,0,192.0939004
CN1CCCC1=O,"InChI=1S/C5H9NO/c1-6-4-2-3-5(6)7/h2-4H2,1H3",3.20E-09,-9.377237578,0,99.06841391
O=Cc1cc[n]cc1,InChI=1S/C6H5NO/c8-5-6-1-3-7-4-2-6/h1-5H,1.77E-07,-7.003000584,1,107.0371138
Cc1c(Cl)c(Cl)c(Cl)c(Cl)c1Cl,InChI=1S/C7H3Cl5/c1-2-3(8)5(10)7(12)6(11)4(2)9/h1H3,0.00077,-2.046271572,0,261.8677385
OC(C(F)(F)F)C(F)(F)F,"InChI=1S/C3H2F6O/c4-2(5,6)1(10)3(7,8)9/h1,10H",4.25E-05,-3.760175584,0,168.000984
CCCCN(CCCC)N=O,"InChI=1S/C8H18N2O/c1-3-5-7-10(9-11)8-6-4-2/h3-8H2,1-2H3",1.32E-05,-4.451968701,7,158.1419132
CCCCO[N+]([O-])=O,"InChI=1S/C4H9NO3/c1-2-3-4-8-5(6)7/h2-4H2,1H3",0.00154,-1.636180339,4,119.0582431
O=NN1CCCC1,InChI=1S/C4H8N2O/c7-5-6-3-1-2-4-6/h1-4H2,4.89E-08,-7.764065525,1,100.0636629
CN(Cc1ccccc1)N=O,"InChI=1S/C8H10N2O/c1-10(9-11)7-8-5-3-2-4-6-8/h2-6H,7H2,1H3",1.20E-05,-4.508357691,3,150.0793129
CCc1cc2ccccc2cc1,"InChI=1S/C12H12/c1-2-10-7-8-11-5-3-4-6-12(11)9-10/h3-9H,2H2,1H3",0.000538,-2.258392195,1,156.0939004
CCC(C)(C)OC,"InChI=1S/C6H14O/c1-5-6(2,3)7-4/h5H2,1-4H3",0.00132,-1.727381521,2,102.1044651
CCCCCO[N+]([O-])=O,"InChI=1S/C5H11NO3/c1-2-3-4-5-9-6(7)8/h2-5H2,1H3",0.00166,-1.591786778,5,133.0738932
ClC1(Cl)C2(Cl)C3C4OC4C(Cl)C3C1(Cl)C(Cl)=C2Cl,"InChI=1S/C10H5Cl7O/c11-3-1-2(4-5(3)18-4)9(15)7(13)6(12)8(1,14)10(9,16)17/h1-5H",2.10E-05,-4.177268515,0,385.8160085
CC(=O)c1cc[n]cc1,"InChI=1S/C7H7NO/c1-6(9)7-2-4-8-5-3-7/h2-5H,1H3",6.28E-08,-7.616051257,1,121.0527638
CCc1cccc2ccccc21,"InChI=1S/C12H12/c1-2-10-7-5-8-11-6-3-4-9-12(10)11/h3-9H,2H2,1H3",0.000685,-2.115476296,1,156.0939004
CCC(COP(=O)(Oc1ccccc1)Oc1ccccc1)CCCC,"InChI=1S/C20H27O4P/c1-3-5-12-18(4-2)17-22-25(21,23-19-13-8-6-9-14-19)24-20-15-10-7-11-16-20/h6-11,13-16,18H,3-5,12,17H2,1-2H3",5.42E-05,-3.616303272,11,362.164696
COc1cc(c(O)cc1)[N+]([O-])=O,"InChI=1S/C7H7NO4/c1-12-5-2-3-7(9)6(4-5)8(10)11/h2-4,9H,1H3",1.88E-06,-5.605035904,2,169.0375077
CCCN(CCC)c1c(cc(cc1[N+]([O-])=O)C(F)(F)F)[N+]([O-])=O,"InChI=1S/C13H16F3N3O4/c1-3-5-17(6-4-2)12-10(18(20)21)7-9(13(14,15)16)8-11(12)19(22)23/h7-8H,3-6H2,1-2H3",0.000103,-3.236444136,7,335.1092907
COC(C)(C)C,"InChI=1S/C5H12O/c1-5(2,3)6-4/h1-4H3",0.000587,-2.206821447,0,88.088815
CC(C)O[N+]([O-])=O,"InChI=1S/C3H7NO3/c1-3(2)7-4(5)6/h3H,1-2H3",0.00161,-1.60988105,2,105.0425931
OC1CCCCCCCCCCC1,"InChI=1S/C12H24O/c13-12-10-8-6-4-2-1-3-5-7-9-11-12/h12-13H,1-11H2",2.94E-06,-5.340492819,0,184.1827154
N#Cc1c(Cl)c(Cl)c(Cl)c(C#N)c1Cl,InChI=1S/C8Cl4N2/c9-5-3(1-13)6(10)8(12)7(11)4(5)2-14,2.00E-06,-5.568428151,0,263.8815587
CNC(=O)Oc1cc(C)c(SC)c(C)c1,"InChI=1S/C11H15NO2S/c1-7-5-9(14-11(13)12-3)6-8(2)10(7)15-4/h5-6H,1-4H3,(H,12,13)",1.18E-09,-9.967475757,2,225.0823497
Clc1cc(ccc1)-c1cc(Cl)ccc1,InChI=1S/C12H8Cl2/c13-11-5-1-3-9(7-11)10-4-2-6-12(14)8-10/h1-8H,0.000233,-2.753485589,1,222.0003056
Clc1ccc(cc1)-c1ccc(Cl)cc1,InChI=1S/C12H8Cl2/c13-11-5-1-9(2-6-11)10-3-7-12(14)8-4-10/h1-8H,0.000199,-2.846806575,1,222.0003056
Clc1ccccc1-c1ccccc1,InChI=1S/C12H9Cl/c13-12-9-5-4-8-11(12)10-6-2-1-3-7-10/h1-9H,0.000736,-2.072990115,1,188.039278
Clc1cc(ccc1)-c1ccccc1,InChI=1S/C12H9Cl/c13-12-8-4-7-11(9-12)10-5-2-1-3-6-10/h1-9H,0.000613,-2.181179848,1,188.039278
Clc1ccc(cc1)-c1ccccc1,InChI=1S/C12H9Cl/c13-12-8-6-11(7-9-12)10-4-2-1-3-5-10/h1-9H,0.000573,-2.221103023,1,188.039278
Cc1c(Cl)c(Cl)ccc1Cl,"InChI=1S/C7H5Cl3/c1-4-5(8)2-3-6(9)7(4)10/h2-3H,1H3",0.0015,-1.651750622,0,193.9456832
Clc1cc(Cl)c(Cl)c(-c2c(Cl)c(Cl)cc(Cl)c2Cl)c1Cl,InChI=1S/C12H2Cl8/c13-3-1-4(14)10(18)7(9(3)17)8-11(19)5(15)2-6(16)12(8)20/h1-2H,1.80E-05,-4.268469698,1,425.7664715
CCSC(=O)N1CCCCCC1,"InChI=1S/C9H17NOS/c1-2-12-9(11)10-7-5-3-4-6-8-10/h2-8H2,1H3",4.10E-06,-5.143727865,1,187.1030852
CC(=O)OO[N+]([O-])=O,InChI=1S/C2H3NO5/c1-2(4)7-8-3(5)6/h1H3,0.000278,-2.649012826,2,121.0011222
CCCCCC=CC=O,"InChI=1S/C8H14O/c1-2-3-4-5-6-7-8-9/h6-8H,2-5H2,1H3",7.34E-05,-3.436893602,5,126.1044651
ClC1(Cl)C2(Cl)C3(Cl)C4(Cl)C2(Cl)C2(Cl)C(Cl)(C3(Cl)C12Cl)C4(Cl)Cl,"InChI=1S/C10Cl12/c11-1-2(12)7(17)4(14)3(13,5(1,15)9(7,19)20)6(1,16)10(21,22)8(2,4)18",0.000811,-2.015578922,0,539.6262322
Clc1cc(Cl)c(cc1)-c1ccc(Cl)cc1Cl,InChI=1S/C12H6Cl4/c13-7-1-3-9(11(15)5-7)10-4-2-8(14)6-12(10)16/h1-6H,0.00019,-2.874187961,1,289.9223609
Cc1cc(O)ccc1[N+]([O-])=O,"InChI=1S/C7H7NO3/c1-5-4-6(9)2-3-7(5)8(10)11/h2-4,9H,1H3",1.61E-08,-8.421349,1,153.0425931
CCOP(=S)(Oc1[n]c(Cl)c(Cl)cc1Cl)OCC,"InChI=1S/C9H11Cl3NO3PS/c1-3-14-17(18,15-4-2)16-9-7(11)5-6(10)8(12)13-9/h5H,3-4H2,1-2H3",2.93E-06,-5.342508618,6,348.9262839
Clc1ccc(cc1Cl)-c1ccccc1,InChI=1S/C12H8Cl2/c13-11-7-6-10(8-12(11)14)9-4-2-1-3-5-9/h1-8H,0.00014,-3.054862919,1,222.0003056
COO,"InChI=1S/CH4O2/c1-3-2/h2H,1H3",4.54E-06,-5.083416408,0,48.02112937
CCOO,"InChI=1S/C2H6O2/c1-2-4-3/h3H,2H2,1H3",2.94E-06,-5.340492819,1,62.03677943
CCC(C)c1cc(c(O)cc1)[N+]([O-])=O,"InChI=1S/C10H13NO3/c1-3-7(2)8-4-5-10(12)9(6-8)11(13)14/h4-7,12H,3H2,1-2H3",9.57E-05,-3.27993575,3,195.0895433
CCCCCCCI,"InChI=1S/C7H15I/c1-2-3-4-5-6-7-8/h2-7H2,1H3",0.0388,0.27281666,5,226.0218485
Cc1cccc(O)c1[N+]([O-])=O,"InChI=1S/C7H7NO3/c1-5-3-2-4-6(9)7(5)8(10)11/h2-4,9H,1H3",3.06E-06,-5.316824199,1,153.0425931
CCCC(C)O,"InChI=1S/C5H12O/c1-3-4-5(2)6/h5-6H,3-4H2,1-2H3",1.48E-05,-4.384279351,2,88.088815
Cc1cc(Cl)c(Cl)cc1Cl,"InChI=1S/C7H5Cl3/c1-4-2-6(9)7(10)3-5(4)8/h2-3H,1H3",0.0015,-1.651750622,0,193.9456832
Clc1cc(Cl)ccc1-c1ccc(Cl)cc1,InChI=1S/C12H7Cl3/c13-9-3-1-8(2-4-9)11-6-5-10(14)7-12(11)15/h1-7H,0.0002,-2.843840971,1,255.9613333
COc1ccc(cc1)C(O)(C1CC1)c1c[n]c[n]c1,"InChI=1S/C15H16N2O2/c1-19-14-6-4-12(5-7-14)15(18,11-2-3-11)13-8-16-10-17-9-13/h4-11,18H,2-3H2,1H3",1.56E-11,-12.52689493,4,256.1211778
Clc1ccccc1-c1ccccc1Cl,InChI=1S/C12H8Cl2/c13-11-7-3-1-5-9(11)10-6-2-4-8-12(10)14/h1-8H,0.00023,-2.761152693,1,222.0003056
Cc1cccc(c1O)[N+]([O-])=O,"InChI=1S/C7H7NO3/c1-5-3-2-4-6(7(5)9)8(10)11/h2-4,9H,1H3",3.36E-05,-3.899197171,1,153.0425931
CCc1c[n]cc[n]1,"InChI=1S/C6H8N2/c1-2-6-5-7-3-4-8-6/h3-5H,2H2,1H3",2.45E-06,-5.448360923,1,108.0687483
Clc1cc(-c2ccccc2)c(Cl)cc1Cl,InChI=1S/C12H7Cl3/c13-10-7-12(15)11(14)6-9(10)8-4-2-1-3-5-8/h1-7H,0.0002,-2.843840971,1,255.9613333
Clc1cccc(Cl)c1-c1c(Cl)cccc1Cl,InChI=1S/C12H6Cl4/c13-7-3-1-4-8(14)11(7)12-9(15)5-2-6-10(12)16/h1-6H,0.0002,-2.843840971,1,289.9223609
COCN(C(=O)CCl)c1c(CC)cccc1CC,"InChI=1S/C14H20ClNO2/c1-4-11-7-6-8-12(5-2)14(11)16(10-18-3)13(17)9-15/h6-8H,4-5,9-10H2,1-3H3",8.32E-09,-8.811922046,6,269.1182566
[O-][N+](=O)OCCO,"InChI=1S/C2H5NO4/c4-1-2-7-3(5)6/h4H,1-2H2",2.58E-08,-8.142359678,3,107.0218576
Clc1cccc(-c2ccccc2)c1Cl,InChI=1S/C12H8Cl2/c13-11-8-4-7-10(12(11)14)9-5-2-1-3-6-9/h1-8H,0.00023,-2.761152693,1,222.0003056
Clc1ccc(Cl)cc1-c1ccc(Cl)cc1,InChI=1S/C12H7Cl3/c13-9-3-1-8(2-4-9)11-7-10(14)5-6-12(11)15/h1-7H,0.00019,-2.874187961,1,255.9613333
CCCCNC(=O)[n]1c(NC(=O)OC)[n]c2ccccc12,"InChI=1S/C14H18N4O3/c1-3-4-9-15-13(19)18-11-8-6-5-7-10(11)16-12(18)17-14(20)21-2/h5-8H,3-4,9H2,1-2H3,(H,15,19)(H,16,17,20)",4.93E-12,-13.20842001,4,290.1378904
CC(O)CO[N+]([O-])=O,"InChI=1S/C3H7NO4/c1-3(5)2-8-4(6)7/h3,5H,2H2,1H3",9.17E-08,-7.392076988,3,121.0375077
CC(CO)O[N+]([O-])=O,"InChI=1S/C3H7NO4/c1-3(2-5)8-4(6)7/h3,5H,2H2,1H3",2.22E-07,-6.868978538,3,121.0375077
CCCCCCO[N+]([O-])=O,"InChI=1S/C6H13NO3/c1-2-3-4-5-6-10-7(8)9/h2-6H2,1H3",0.00149,-1.655708072,6,147.0895433
CCCCOCN(C(=O)CCl)c1c(CC)cccc1CC,"InChI=1S/C17H26ClNO2/c1-4-7-11-21-13-19(16(20)12-18)17-14(5-2)9-8-10-15(17)6-3/h8-10H,4-7,11-13H2,1-3H3",5.10E-08,-7.73918825,9,311.1652068
CCCOC(=O)NCCCN(C)C,"InChI=1S/C9H20N2O2/c1-4-8-13-9(12)10-6-5-7-11(2)3/h4-8H2,1-3H3,(H,10,12)",1.48E-09,-9.833453711,6,188.1524779
COc1[n]cc[n]c1CC(C)C,"InChI=1S/C9H14N2O/c1-7(2)6-8-9(12-3)11-5-4-10-8/h4-5,7H,6H2,1-3H3",4.89E-05,-3.677184755,3,166.1106131
Clc1cc(ccc1)-c1ccccc1Cl,InChI=1S/C12H8Cl2/c13-10-5-3-4-9(8-10)11-6-1-2-7-12(11)14/h1-8H,0.00025,-2.711821082,1,222.0003056
CCc1[n]cc[n]c1OC,"InChI=1S/C7H10N2O/c1-3-6-7(10-2)9-5-4-8-6/h4-5H,3H2,1-2H3",1.47E-05,-4.388290462,2,138.0793129
FC(F)OC(Cl)C(F)(F)F,"InChI=1S/C3H2ClF5O/c4-1(3(7,8)9)10-2(5)6/h1-2H",0.0287,0.094424548,2,183.9714335
Clc1c2Oc3ccccc3Oc2c(Cl)c(Cl)c1Cl,InChI=1S/C12H4Cl4O2/c13-7-8(14)10(16)12-11(9(7)15)17-5-3-1-2-4-6(5)18-12/h1-4H,2.00E-05,-4.206134561,0,319.8965401
Clc1cc(Cl)c(cc1)-c1cc(Cl)c(Cl)cc1,InChI=1S/C12H6Cl4/c13-8-2-3-9(11(15)6-8)7-1-4-10(14)12(16)5-7/h1-6H,0.00012,-3.146064101,1,289.9223609
Clc1cc(-c2cc(Cl)c(Cl)cc2)c(Cl)cc1,InChI=1S/C12H6Cl4/c13-8-2-4-10(14)9(6-8)7-1-3-11(15)12(16)5-7/h1-6H,0.0001,-3.253932205,1,289.9223609
Clc1ccc(cc1Cl)-c1cc(Cl)c(Cl)cc1,InChI=1S/C12H6Cl4/c13-9-3-1-7(5-11(9)15)8-2-4-10(14)12(16)6-8/h1-6H,9.40E-06,-4.652833548,1,289.9223609
Clc1ccc(cc1)-c1cc(Cl)c(Cl)cc1Cl,InChI=1S/C12H6Cl4/c13-8-3-1-7(2-4-8)9-5-11(15)12(16)6-10(9)14/h1-6H,0.0001,-3.253932205,1,289.9223609
CN(/C=N/c1ccc(C)cc1C)/C=N/c1ccc(C)cc1C,"InChI=1S/C19H23N3/c1-14-6-8-18(16(3)10-14)20-12-22(5)13-21-19-9-7-15(2)11-17(19)4/h6-13H,1-5H3/b20-12+,21-13+",9.87E-06,-4.623967501,4,293.1891977
Clc1cccc(Cl)c1-c1ccccc1,InChI=1S/C12H8Cl2/c13-10-7-4-8-11(14)12(10)9-5-2-1-3-6-9/h1-8H,0.00023,-2.761152693,1,222.0003056
Clc1cc(Cl)c(cc1)-c1ccccc1,InChI=1S/C12H8Cl2/c13-10-6-7-11(12(14)8-10)9-4-2-1-3-5-9/h1-8H,0.00028,-2.644771685,1,222.0003056
Clc1cc(Cl)c(Cl)c(-c2ccccc2)c1Cl,InChI=1S/C12H6Cl4/c13-8-6-9(14)12(16)10(11(8)15)7-4-2-1-3-5-7/h1-6H,0.000225,-2.774156218,1,289.9223609
CNC(=O)N(C)c1[n][n]c([s]1)C(C)(C)C,"InChI=1S/C9H16N4OS/c1-9(2,3)6-11-12-8(15-6)13(5)7(14)10-4/h1-5H3,(H,10,14)",1.20E-10,-11.31982564,1,228.1044821
Clc1cc(-c2ccccc2)c(Cl)cc1,InChI=1S/C12H8Cl2/c13-10-6-7-12(14)11(8-10)9-4-2-1-3-5-9/h1-8H,0.00028,-2.644771685,1,222.0003056
Clc1cc(cc(Cl)c1)-c1ccccc1,InChI=1S/C12H8Cl2/c13-11-6-10(7-12(14)8-11)9-4-2-1-3-5-9/h1-8H,0.00022,-2.787451982,1,222.0003056
Clc1ccc(cc1)-c1ccccc1Cl,InChI=1S/C12H8Cl2/c13-10-7-5-9(6-8-10)11-3-1-2-4-12(11)14/h1-8H,0.00023,-2.761152693,1,222.0003056
Clc1cc(Cl)c(Cl)cc1-c1cc(Cl)c(Cl)cc1Cl,InChI=1S/C12H4Cl6/c13-7-3-11(17)9(15)1-5(7)6-2-10(16)12(18)4-8(6)14/h1-4H,2.30E-05,-4.123446283,1,357.8444162
Clc1ccc(-c2cc(Cl)c(Cl)cc2Cl)c(Cl)c1Cl,InChI=1S/C12H4Cl6/c13-7-2-1-5(11(17)12(7)18)6-3-9(15)10(16)4-8(6)14/h1-4H,2.10E-05,-4.177268515,1,357.8444162
Clc1cc(Cl)c(Cl)cc1-c1cc(Cl)c(Cl)c(Cl)c1Cl,InChI=1S/C12H3Cl7/c13-6-3-8(15)7(14)1-4(6)5-2-9(16)11(18)12(19)10(5)17/h1-3H,1.00E-05,-4.616225795,1,391.8054439
Clc1c(ccc(Cl)c1Cl)-c1cc(Cl)c(Cl)c(Cl)c1Cl,InChI=1S/C12H3Cl7/c13-6-2-1-4(8(15)10(6)17)5-3-7(14)11(18)12(19)9(5)16/h1-3H,9.00E-06,-4.678560931,1,391.8054439
Clc1cc(-c2cc(Cl)ccc2Cl)c(Cl)cc1,InChI=1S/C12H6Cl4/c13-7-1-3-11(15)9(5-7)10-6-8(14)2-4-12(10)16/h1-6H,0.0002,-2.843840971,1,289.9223609
Clc1cc(-c2cc(Cl)c(Cl)c(Cl)c2Cl)c(Cl)c(Cl)c1Cl,InChI=1S/C12H2Cl8/c13-5-1-3(7(15)11(19)9(5)17)4-2-6(14)10(18)12(20)8(4)16/h1-2H,1.00E-05,-4.616225795,1,425.7664715
Clc1cc(Cl)c(cc1)-c1cccc(Cl)c1Cl,InChI=1S/C12H6Cl4/c13-7-4-5-8(11(15)6-7)9-2-1-3-10(14)12(9)16/h1-6H,0.00014,-3.054862919,1,289.9223609
CC(C)NC(=O)N1CC(=O)N(c2cc(Cl)cc(Cl)c2)C1=O,"InChI=1S/C13H13Cl2N3O3/c1-7(2)16-12(20)17-6-11(19)18(13(17)21)10-4-8(14)3-9(15)5-10/h3-5,7H,6H2,1-2H3,(H,16,20)",3.12E-09,-9.392216519,2,329.0333966
Clc1cc(-c2ccccc2Cl)c(Cl)cc1,InChI=1S/C12H7Cl3/c13-8-5-6-12(15)10(7-8)9-3-1-2-4-11(9)14/h1-7H,0.00025,-2.711821082,1,255.9613333
Clc1ccccc1-c1cc(Cl)cc(Cl)c1,InChI=1S/C12H7Cl3/c13-9-5-8(6-10(14)7-9)11-3-1-2-4-12(11)15/h1-7H,0.0002,-2.843840971,1,255.9613333
Clc1cc(-c2cc(Cl)c(Cl)cc2Cl)c(Cl)cc1,InChI=1S/C12H5Cl5/c13-6-1-2-9(14)7(3-6)8-4-11(16)12(17)5-10(8)15/h1-5H,9.00E-05,-3.316267341,1,323.8833886
Clc1cc(-c2c(Cl)c(Cl)ccc2Cl)c(Cl)cc1,InChI=1S/C12H5Cl5/c13-6-1-2-8(14)7(5-6)11-9(15)3-4-10(16)12(11)17/h1-5H,0.00012,-3.146064101,1,323.8833886
Clc1cc(Cl)c(cc1)-c1cc(Cl)c(Cl)cc1Cl,InChI=1S/C12H5Cl5/c13-6-1-2-7(9(14)3-6)8-4-11(16)12(17)5-10(8)15/h1-5H,7.80E-05,-3.400931036,1,323.8833886
Clc1cc(-c2ccc(Cl)c(Cl)c2Cl)c(Cl)cc1,InChI=1S/C12H5Cl5/c13-6-1-3-9(14)8(5-6)7-2-4-10(15)12(17)11(7)16/h1-5H,7.40E-05,-3.432076995,1,323.8833886
Clc1ccc(Cl)c(-c2ccc(Cl)c(Cl)c2Cl)c1Cl,InChI=1S/C12H4Cl6/c13-6-3-4-7(14)11(17)9(6)5-1-2-8(15)12(18)10(5)16/h1-4H,4.40E-05,-3.739654338,1,357.8444162
Clc1ccc(-c2ccc(Cl)c(Cl)c2Cl)c(Cl)c1Cl,InChI=1S/C12H4Cl6/c13-7-3-1-5(9(15)11(7)17)6-2-4-8(14)12(18)10(6)16/h1-4H,1.30E-05,-4.461001497,1,357.8444162
Clc1ccc(Cl)c(Cl)c1-c1c(Cl)c(Cl)ccc1Cl,InChI=1S/C12H4Cl6/c13-5-1-3-7(15)11(17)9(5)10-6(14)2-4-8(16)12(10)18/h1-4H,8.80E-05,-3.329563105,1,357.8444162
Clc1c(cc(Cl)c(Cl)c1Cl)-c1c(Cl)c(Cl)ccc1Cl,InChI=1S/C12H3Cl7/c13-5-1-2-6(14)10(17)8(5)4-3-7(15)11(18)12(19)9(4)16/h1-3H,1.40E-05,-4.417156509,1,391.8054439
Clc1ccccc1-c1c(Cl)cccc1Cl,InChI=1S/C12H7Cl3/c13-9-5-2-1-4-8(9)12-10(14)6-3-7-11(12)15/h1-7H,0.00023,-2.761152693,1,255.9613333
Clc1ccc(cc1)-c1c(Cl)cccc1Cl,InChI=1S/C12H7Cl3/c13-9-6-4-8(5-7-9)12-10(14)2-1-3-11(12)15/h1-7H,0.0002,-2.843840971,1,255.9613333
Clc1ccccc1-c1cccc(Cl)c1Cl,InChI=1S/C12H7Cl3/c13-10-6-2-1-4-8(10)9-5-3-7-11(14)12(9)15/h1-7H,0.0002,-2.843840971,1,255.9613333
Clc1cc(-c2cc(Cl)ccc2)c(Cl)cc1,InChI=1S/C12H7Cl3/c13-9-3-1-2-8(6-9)11-7-10(14)4-5-12(11)15/h1-7H,0.0002,-2.843840971,1,255.9613333
Clc1cc(ccc1)-c1cccc(Cl)c1Cl,InChI=1S/C12H7Cl3/c13-9-4-1-3-8(7-9)10-5-2-6-11(14)12(10)15/h1-7H,0.00016,-2.975860861,1,255.9613333
Clc1ccc(cc1)-c1cccc(Cl)c1Cl,InChI=1S/C12H7Cl3/c13-9-6-4-8(5-7-9)10-2-1-3-11(14)12(10)15/h1-7H,0.00014,-3.054862919,1,255.9613333
Clc1cc(ccc1Cl)-c1ccccc1Cl,InChI=1S/C12H7Cl3/c13-10-4-2-1-3-9(10)8-5-6-11(14)12(15)7-8/h1-7H,0.00016,-2.975860861,1,255.9613333
Clc1cc(ccc1)-c1cc(Cl)cc(Cl)c1,InChI=1S/C12H7Cl3/c13-10-3-1-2-8(4-10)9-5-11(14)7-12(15)6-9/h1-7H,0.00017,-2.939993117,1,255.9613333
Clc1ccc(cc1)-c1cc(Cl)c(Cl)cc1,InChI=1S/C12H7Cl3/c13-10-4-1-8(2-5-10)9-3-6-11(14)12(15)7-9/h1-7H,0.0001,-3.253932205,1,255.9613333
Clc1cccc(-c2cccc(Cl)c2Cl)c1Cl,InChI=1S/C12H6Cl4/c13-9-5-1-3-7(11(9)15)8-4-2-6-10(14)12(8)16/h1-6H,0.0001,-3.253932205,1,289.9223609
Clc1cc(Cl)c(Cl)c2Oc3ccccc3Oc12,InChI=1S/C12H5Cl3O2/c13-6-5-7(14)11-12(10(6)15)17-9-4-2-1-3-8(9)16-11/h1-5H,3.59E-05,-3.860024186,0,285.9355124
Clc1cc(-c2cc(Cl)cc(Cl)c2)c(Cl)c(Cl)c1Cl,InChI=1S/C12H4Cl6/c13-6-1-5(2-7(14)3-6)8-4-9(15)11(17)12(18)10(8)16/h1-4H,2.00E-05,-4.206134561,1,357.8444162
Clc1cc(Cl)c(Cl)c(Cl)c1-c1c(Cl)c(Cl)cc(Cl)c1Cl,InChI=1S/C12H2Cl8/c13-3-1-6(16)11(19)12(20)7(3)8-9(17)4(14)2-5(15)10(8)18/h1-2H,1.70E-05,-4.302286707,1,425.7664715
Clc1cc(ccc1)-c1c(Cl)c(Cl)c(Cl)c(Cl)c1Cl,InChI=1S/C12H4Cl6/c13-6-3-1-2-5(4-6)7-8(14)10(16)12(18)11(17)9(7)15/h1-4H,2.00E-05,-4.206134561,1,357.8444162
Clc1ccc(cc1)-c1c(Cl)c(Cl)c(Cl)c(Cl)c1Cl,InChI=1S/C12H4Cl6/c13-6-3-1-5(2-4-6)7-8(14)10(16)12(18)11(17)9(7)15/h1-4H,0.000118,-3.156007807,1,357.8444162
Clc1cc(-c2cccc(Cl)c2Cl)c(Cl)cc1,InChI=1S/C12H6Cl4/c13-7-4-5-10(14)9(6-7)8-2-1-3-11(15)12(8)16/h1-6H,0.00014,-3.054862919,1,289.9223609
Clc1cc(Cl)ccc1-c1cc(Cl)ccc1Cl,InChI=1S/C12H6Cl4/c13-7-2-4-11(15)10(5-7)9-3-1-8(14)6-12(9)16/h1-6H,0.00021,-2.814974925,1,289.9223609
Clc1ccc(cc1Cl)-c1cc(Cl)cc(Cl)c1,InChI=1S/C12H6Cl4/c13-9-3-8(4-10(14)6-9)7-1-2-11(15)12(16)5-7/h1-6H,9.00E-05,-3.316267341,1,289.9223609
Clc1cc(Cl)c(Cl)cc1-c1cccc(Cl)c1Cl,InChI=1S/C12H5Cl5/c13-8-3-1-2-6(12(8)17)7-4-10(15)11(16)5-9(7)14/h1-5H,7.40E-05,-3.432076995,1,323.8833886
Clc1cc(-c2c(Cl)c(Cl)c(Cl)cc2Cl)c(Cl)c(Cl)c1Cl,InChI=1S/C12H2Cl8/c13-4-2-6(15)9(17)11(19)7(4)3-1-5(14)10(18)12(20)8(3)16/h1-2H,1.00E-05,-4.616225795,1,425.7664715
COc1c(Cl)c(Cl)ccc1Cl,"InChI=1S/C7H5Cl3O/c1-11-7-5(9)3-2-4(8)6(7)10/h2-3H,1H3",0.000288,-2.628104764,1,209.9405978
Clc1cc2c(cc1Cl)oc1cc(Cl)c(Cl)cc21,InChI=1S/C12H4Cl4O/c13-7-1-5-6-2-8(14)10(16)4-12(6)17-11(5)3-9(7)15/h1-4H,1.67E-05,-4.312820574,0,303.9016255
Cc1cccc(CC)c1N(C(C)COC)C(=O)CCl,"InChI=1S/C15H22ClNO2/c1-5-13-8-6-7-11(2)15(13)17(14(18)9-16)12(3)10-19-4/h6-8,12H,5,9-10H2,1-4H3",9.00E-09,-8.765441701,6,283.1339066
CCCOCCN(C(=O)CCl)c1c(CC)cccc1CC,"InChI=1S/C17H26ClNO2/c1-4-11-21-12-10-19(16(20)13-18)17-14(5-2)8-7-9-15(17)6-3/h7-9H,4-6,10-13H2,1-3H3",8.00E-09,-8.835126455,9,311.1652068
Clc1cc(-c2cc(Cl)c(Cl)cc2Cl)c(Cl)c(Cl)c1,InChI=1S/C12H4Cl6/c13-5-1-7(12(18)11(17)2-5)6-3-9(15)10(16)4-8(6)14/h1-4H,2.50E-05,-4.074114672,1,357.8444162
Clc1ccc(cc1)-c1c(Cl)c(Cl)ccc1Cl,InChI=1S/C12H6Cl4/c13-8-3-1-7(2-4-8)11-9(14)5-6-10(15)12(11)16/h1-6H,0.00014,-3.054862919,1,289.9223609
Clc1ccccc1-c1ccc(Cl)c(Cl)c1Cl,InChI=1S/C12H6Cl4/c13-9-4-2-1-3-7(9)8-5-6-10(14)12(16)11(8)15/h1-6H,0.00014,-3.054862919,1,289.9223609
Clc1cc(-c2c(Cl)c(Cl)cc(Cl)c2Cl)c(Cl)cc1,InChI=1S/C12H4Cl6/c13-5-1-2-7(14)6(3-5)10-11(17)8(15)4-9(16)12(10)18/h1-4H,5.90E-05,-3.566099041,1,357.8444162
Clc1ccc(Cl)c(Cl)c1-c1c(Cl)c(Cl)cc(Cl)c1Cl,InChI=1S/C12H3Cl7/c13-4-1-2-5(14)10(17)8(4)9-11(18)6(15)3-7(16)12(9)19/h1-3H,2.40E-05,-4.098266458,1,391.8054439
Clc1cc(-c2ccc(Cl)c(Cl)c2Cl)c(Cl)c(Cl)c1,InChI=1S/C12H4Cl6/c13-5-3-7(10(16)9(15)4-5)6-1-2-8(14)12(18)11(6)17/h1-4H,3.70E-05,-3.842168228,1,357.8444162
Clc1cc(Cl)c(Cl)c(c1)-c1c(Cl)c(Cl)cc(Cl)c1Cl,InChI=1S/C12H3Cl7/c13-4-1-5(10(17)6(14)2-4)9-11(18)7(15)3-8(16)12(9)19/h1-3H,2.30E-05,-4.123446283,1,391.8054439
Clc1cc(Cl)c(Cl)c(c1)-c1cc(Cl)c(Cl)c(Cl)c1Cl,InChI=1S/C12H3Cl7/c13-4-1-5(9(16)7(14)2-4)6-3-8(15)11(18)12(19)10(6)17/h1-3H,1.30E-06,-5.823295087,1,391.8054439
Clc1cc(-c2c(Cl)c(Cl)cc(Cl)c2Cl)c(Cl)c(Cl)c1Cl,InChI=1S/C12H2Cl8/c13-4-1-3(8(16)12(20)11(4)19)7-9(17)5(14)2-6(15)10(7)18/h1-2H,1.00E-05,-4.616225795,1,425.7664715
Clc1ccc(-c2c(Cl)c(Cl)c(Cl)c(Cl)c2Cl)c(Cl)c1Cl,InChI=1S/C12H2Cl8/c13-4-2-1-3(6(14)7(4)15)5-8(16)10(18)12(20)11(19)9(5)17/h1-2H,1.10E-05,-4.559836805,1,425.7664715
Clc1c(cccc1Cl)-c1c(Cl)c(Cl)cc(Cl)c1Cl,InChI=1S/C12H4Cl6/c13-6-3-1-2-5(10(6)16)9-11(17)7(14)4-8(15)12(9)18/h1-4H,4.90E-05,-3.675976099,1,357.8444162
Clc1cc(-c2cc(Cl)c(Cl)c(Cl)c2Cl)c(Cl)cc1,InChI=1S/C12H4Cl6/c13-5-1-2-8(14)6(3-5)7-4-9(15)11(17)12(18)10(7)16/h1-4H,2.30E-05,-4.123446283,1,357.8444162
Clc1cc(-c2c(Cl)c(Cl)c(Cl)c(Cl)c2Cl)c(Cl)cc1,InChI=1S/C12H3Cl7/c13-4-1-2-6(14)5(3-4)7-8(15)10(17)12(19)11(18)9(7)16/h1-3H,1.60E-05,-4.338154451,1,391.8054439
Clc1cc(-c2c(Cl)c(Cl)ccc2Cl)c(Cl)c(Cl)c1,InChI=1S/C12H4Cl6/c13-5-3-6(11(17)9(16)4-5)10-7(14)1-2-8(15)12(10)18/h1-4H,5.60E-05,-3.596974042,1,357.8444162
Clc1cc(Cl)c(-c2ccccc2)c(Cl)c1Cl,InChI=1S/C12H6Cl4/c13-8-6-9(14)11(15)12(16)10(8)7-4-2-1-3-5-7/h1-6H,0.00021,-2.814974925,1,289.9223609
Clc1c(cccc1Cl)-c1cc(Cl)c(Cl)c(Cl)c1Cl,InChI=1S/C12H4Cl6/c13-7-3-1-2-5(9(7)15)6-4-8(14)11(17)12(18)10(6)16/h1-4H,2.90E-05,-3.986303966,1,357.8444162
Clc1c(-c2ccccc2)c(Cl)ccc1Cl,InChI=1S/C12H7Cl3/c13-9-6-7-10(14)12(15)11(9)8-4-2-1-3-5-8/h1-7H,0.00022,-2.787451982,1,255.9613333
Clc1cc(Cl)c(-c2cc(Cl)c(Cl)cc2)c(Cl)c1,InChI=1S/C12H5Cl5/c13-7-4-10(16)12(11(17)5-7)6-1-2-8(14)9(15)3-6/h1-5H,7.40E-05,-3.432076995,1,323.8833886
Clc1cc(Cl)c(-c2cc(Cl)ccc2)c(Cl)c1,InChI=1S/C12H6Cl4/c13-8-3-1-2-7(4-8)12-10(15)5-9(14)6-11(12)16/h1-6H,0.00021,-2.814974925,1,289.9223609
Clc1cc(Cl)c(-c2cccc(Cl)c2Cl)c(Cl)c1Cl,InChI=1S/C12H4Cl6/c13-6-3-1-2-5(10(6)16)9-7(14)4-8(15)11(17)12(9)18/h1-4H,3.90E-05,-3.81102227,1,357.8444162
CCCCCCCCCc1ccc(cc1)OP(=O)(Oc1ccccc1)Oc1ccccc1,"InChI=1S/C27H33O4P/c1-2-3-4-5-6-7-10-15-24-20-22-27(23-21-24)31-32(28,29-25-16-11-8-12-17-25)30-26-18-13-9-14-19-26/h8-9,11-14,16-23H,2-7,10,15H2,1H3",1.40E-08,-8.504037279,14,452.2116462
Clc1cc(Cl)c(cc1)-c1ccc(Cl)c(Cl)c1Cl,InChI=1S/C12H5Cl5/c13-6-1-2-7(10(15)5-6)8-3-4-9(14)12(17)11(8)16/h1-5H,6.60E-05,-3.499766345,1,323.8833886
O=C(Nc1ccccc1)N(Cc1ccc(Cl)cc1)C1CCCC1,"InChI=1S/C19H21ClN2O/c20-16-12-10-15(11-13-16)14-22(18-8-4-5-9-18)19(23)21-17-6-2-1-3-7-17/h1-3,6-7,10-13,18H,4-5,8-9,14H2,(H,21,23)",4.93E-12,-13.20842001,4,328.134241
Clc1cc2Oc3cc(Cl)c(Cl)c(Cl)c3Oc2cc1,InChI=1S/C12H4Cl4O2/c13-5-1-2-7-8(3-5)17-9-4-6(14)10(15)11(16)12(9)18-7/h1-4H,7.60E-06,-4.778592674,0,319.8965401
Cc1cccc(C)c1N(C[n]1ccc[n]1)C(=O)CCl,"InChI=1S/C14H16ClN3O/c1-11-5-3-6-12(2)14(11)18(13(19)9-15)10-17-8-4-7-16-17/h3-8H,9-10H2,1-2H3",5.67E-10,-10.40109237,4,277.0981898
Clc1cc(Cl)c(cc1)-c1c(Cl)cccc1Cl,InChI=1S/C12H6Cl4/c13-7-4-5-8(11(16)6-7)12-9(14)2-1-3-10(12)15/h1-6H,0.00014,-3.054862919,1,289.9223609
Clc1cc(cc(Cl)c1)-c1cc(Cl)c(Cl)cc1Cl,InChI=1S/C12H5Cl5/c13-7-1-6(2-8(14)3-7)9-4-11(16)12(17)5-10(9)15/h1-5H,5.60E-05,-3.596974042,1,323.8833886
Clc1cc(Cl)c(cc1)-c1c(Cl)c(Cl)cc(Cl)c1Cl,InChI=1S/C12H4Cl6/c13-5-1-2-6(7(14)3-5)10-11(17)8(15)4-9(16)12(10)18/h1-4H,5.10E-05,-3.65230748,1,357.8444162
Clc1c(cc(Cl)c(Cl)c1Cl)-c1c(Cl)cccc1Cl,InChI=1S/C12H4Cl6/c13-6-2-1-3-7(14)9(6)5-4-8(15)11(17)12(18)10(5)16/h1-4H,3.90E-05,-3.81102227,1,357.8444162
Clc1cccc(-c2c(Cl)c(Cl)c(Cl)c(Cl)c2Cl)c1Cl,InChI=1S/C12H3Cl7/c13-5-3-1-2-4(7(5)14)6-8(15)10(17)12(19)11(18)9(6)16/h1-3H,1.40E-05,-4.417156509,1,391.8054439
Clc1cc(-c2c(Cl)c(Cl)c(Cl)c(Cl)c2Cl)c(Cl)c(Cl)c1,InChI=1S/C12H2Cl8/c13-3-1-4(7(15)5(14)2-3)6-8(16)10(18)12(20)11(19)9(6)17/h1-2H,1.40E-05,-4.417156509,1,425.7664715
O=C(Nc1cc(Cl)c(Oc2[n]cc(cc2Cl)C(F)(F)F)c(Cl)c1)NC(=O)c1c(F)cccc1F,"InChI=1S/C20H9Cl3F5N3O3/c21-10-5-9(30-19(33)31-17(32)15-13(24)2-1-3-14(15)25)6-11(22)16(10)34-18-12(23)4-8(7-29-18)20(26,27)28/h1-7H,(H2,30,31,32,33)",1.80E-12,-13.80452483,4,538.9629653
Clc1cc(ccc1)-c1cc(Cl)c(Cl)cc1Cl,InChI=1S/C12H6Cl4/c13-8-3-1-2-7(4-8)9-5-11(15)12(16)6-10(9)14/h1-6H,0.0001,-3.253932205,1,289.9223609
Clc1ccc(cc1Cl)-c1c(Cl)c(Cl)cc(Cl)c1Cl,InChI=1S/C12H4Cl6/c13-6-2-1-5(3-7(6)14)10-11(17)8(15)4-9(16)12(10)18/h1-4H,1.50E-05,-4.376337802,1,357.8444162
Clc1cc(cc(Cl)c1)-c1c(Cl)c(Cl)cc(Cl)c1Cl,InChI=1S/C12H4Cl6/c13-6-1-5(2-7(14)3-6)10-11(17)8(15)4-9(16)12(10)18/h1-4H,2.90E-05,-3.986303966,1,357.8444162
O=C(Nc1ccc(F)cc1F)c1ccc[n]c1Oc1cc(ccc1)C(F)(F)F,"InChI=1S/C19H11F5N2O2/c20-12-6-7-16(15(21)10-12)26-17(27)14-5-2-8-25-18(14)28-13-4-1-3-11(9-13)19(22,23)24/h1-10H,(H,26,27)",3.25E-07,-6.643477553,4,394.0740687
COCC(C)N(C(=O)CCl)c1c(C)c[s]c1C,"InChI=1S/C12H18ClNO2S/c1-8-7-17-10(3)12(8)14(11(15)5-13)9(2)6-16-4/h7,9H,5-6H2,1-4H3",8.20E-08,-7.458223811,5,275.0746775
CC(CC)SP(=O)(OCC)N1CCSC1=O,"InChI=1S/C9H18NO3PS2/c1-4-8(3)16-14(12,13-5-2)10-6-7-15-9(10)11/h8H,4-7H2,1-3H3",1.74E-10,-11.09999505,6,283.0465721
Cc1[n]c([n]c([n]1)OC)N(C)C(=O)NS(=O)(=O)c1ccccc1C(=O)OC,"InChI=1S/C15H17N5O6S/c1-9-16-13(18-14(17-9)26-4)20(2)15(22)19-27(23,24)11-8-6-5-7-10(11)12(21)25-3/h5-8H,1-4H3,(H,19,22)",1.02E-13,-15.50285856,5,395.0899543
O=C1c2cc(F)ccc2N=C(N1c1ccc(Cl)cc1Cl)[n]1c[n]c[n]1,InChI=1S/C16H8Cl2FN5O/c17-9-1-4-14(12(18)5-9)24-15(25)11-6-10(19)2-3-13(11)22-16(24)23-8-20-7-21-23/h1-8H,2.06E-11,-12.36240803,2,375.0089935
CS(=O)(=O)c1cc(ccc1C(=O)c1c[n]oc1C1CC1)C(F)(F)F,"InChI=1S/C15H12F3NO4S/c1-24(21,22)12-6-9(15(16,17)18)4-5-10(12)13(20)11-7-19-23-14(11)8-2-3-8/h4-8H,2-3H2,1H3",1.85E-10,-11.06372741,4,359.0439135
CC(O[N+]([O-])=O)C(C)O,"InChI=1S/C4H9NO4/c1-3(6)4(2)9-5(7)8/h3-4,6H,1-2H3",9.90E-08,-7.346759121,3,135.0531578
CCC(O)CO[N+]([O-])=O,"InChI=1S/C4H9NO4/c1-2-4(6)3-9-5(7)8/h4,6H,2-3H2,1H3",1.72E-07,-7.019954081,4,135.0531578
CCC(CO)O[N+]([O-])=O,"InChI=1S/C4H9NO4/c1-2-4(3-6)9-5(7)8/h4,6H,2-3H2,1H3",1.67E-07,-7.037407754,4,135.0531578
CC(O)CCO[N+]([O-])=O,"InChI=1S/C4H9NO4/c1-4(6)2-3-9-5(7)8/h4,6H,2-3H2,1H3",7.35E-08,-7.522968876,4,135.0531578
[O-][N+](=O)OCCCO,"InChI=1S/C3H7NO4/c5-2-1-3-8-4(6)7/h5H,1-3H2",7.14E-08,-7.540118963,4,121.0375077
[O-][N+](=O)OCCCCO,"InChI=1S/C4H9NO4/c6-3-1-2-4-9-5(7)8/h6H,1-4H2",3.45E-08,-7.970439059,5,135.0531578
CC(O)CCCO[N+]([O-])=O,"InChI=1S/C5H11NO4/c1-5(7)3-2-4-10-6(8)9/h5,7H,2-4H2,1H3",2.72E-08,-8.111096133,5,149.0688078
CC(CCCO)O[N+]([O-])=O,"InChI=1S/C5H11NO4/c1-5(3-2-4-7)10-6(8)9/h5,7H,2-4H2,1H3",4.88E-08,-7.765276654,5,149.0688078