Sol,logS,logP,MP,InChI
-2.247230312921745,-1.814,2.25,-78.5,"InChI=1S/C7H14O2/c1-6(2)4-5-9-7(3)8/h6H,4-5H2,1-3H3"
-9.394035647668504,-2.895,2.38,95.0,"InChI=1S/C9H11BrN2O2/c1-12(14-2)9(13)11-8-5-3-7(10)4-6-8/h3-6H,1-2H3,(H,11,13)"
-4.343561070170592,-1.6030000000000002,1.61,-35.6,"InChI=1S/C8H8O/c1-2-4-7(5-3-1)8-6-9-8/h1-5,8H,6H2"
-0.4574271552643237,-1.631,2.14,-89.0,"InChI=1S/C3H7Br/c1-3(2)4/h3H,1-2H3"
-10.60081031748057,-4.895,3.7,151.0,"InChI=1S/C15H15ClN2O2/c1-18(2)15(19)17-12-5-9-14(10-6-12)20-13-7-3-11(16)4-8-13/h3-10H,1-2H3,(H,17,19)"
-3.723829157343853,1.228,0.26,-95.1,"InChI=1S/C3H9N/c1-3(2)4/h3H,4H2,1-2H3"
-0.395,-0.6205666666666666,0.94,-102.7,"InChI=1S/C3H4/c1-3-2/h1H,2H3"
-5.95105030867195,-2.949,1.48,141.0,"InChI=1S/C7H5NO4/c9-4-5-1-2-7(10)6(3-5)8(11)12/h1-4,10H"
-5.0894186426187735,-6.6160000000000005,5.51,72.5,"InChI=1S/C8H8Cl2IO3PS/c1-12-15(16,13-2)14-8-4-5(9)7(11)3-6(8)10/h3-4H,1-2H3"
-6.391945298082973,-8.18,5.76,357.0,InChI=1S/C18H12/c1-2-6-14-10-18-12-16-8-4-3-7-15(16)11-17(18)9-13(14)5-1/h1-12H
-8.41,1.0856251051,-0.06,-6.0,"InChI=1S/C4H6N2/c1-6-3-2-5-4-6/h2-4H,1H3"
-17.197481966277195,0.873,-1.26,131.0,"InChI=1S/C4H6O5/c5-2(4(8)9)1-3(6)7/h2,5H,1H2,(H,6,7)(H,8,9)"
-5.027309246520092,-8.402000000000001,6.2,100.0,"InChI=1S/C22H19Br2NO3/c1-22(2)17(12-19(23)24)20(22)21(26)28-18(13-25)14-7-6-10-16(11-14)27-15-8-4-3-5-9-15/h3-12,17-18,20H,1-2H3/t17-,18+,20-/m0/s1"
-7.402721237662583,-3.3569999999999998,3.1,87.0,"InChI=1S/C12H17NO2/c1-8(2)10-5-9(3)6-11(7-10)15-12(14)13-4/h5-8H,1-4H3,(H,13,14)"
-8.53036090937524,-2.6839999999999997,2.31,94.0,"InChI=1S/C11H15NO2/c1-8(2)9-6-4-5-7-10(9)14-11(13)12-3/h4-8H,1-3H3,(H,12,13)"
-3.79887801096309,-3.48,3.84,-22.4,"InChI=1S/C11H14O2/c1-2-3-9-13-11(12)10-7-5-4-6-8-10/h4-8H,2-3,9H2,1H3"
-0.10253780011356244,-3.075,3.37,-95.0,"InChI=1S/C5H11Br/c1-2-3-4-5-6/h2-5H2,1H3"
-5.668970134723778,-7.107,6.03,210.1,InChI=1S/C18H14/c1-3-7-15(8-4-1)17-11-13-18(14-12-17)16-9-5-2-6-10-16/h1-14H
-5.7764357345524155,-4.551,4.63,42.0,"InChI=1S/C12H13ClF3N3O4/c1-2-4-17(5-3-13)11-9(18(20)21)6-8(12(14,15)16)7-10(11)19(22)23/h6-7H,2-5H2,1H3"
-3.0251190235419134,-1.4240000000000002,1.98,-35.0,"InChI=1S/C7H14O/c1-3-4-5-6-7(2)8/h3-6H2,1-2H3"
-14.288010891575663,-4.779,3.59,143.0,"InChI=1S/C16H16N2O4/c1-11-5-3-6-12(9-11)18-16(20)22-14-8-4-7-13(10-14)17-15(19)21-2/h3-10H,1-2H3,(H,17,19)(H,18,20)"
-8.632582623787636,-2.4245,2.13,133.0,"InChI=1S/C9H8O2/c10-9(11)7-6-8-4-2-1-3-5-8/h1-7H,(H,10,11)/b7-6+"
-9.527788776986274,-2.503,3.25,120.0,"InChI=1S/C9H9ClO3/c1-6-4-7(10)2-3-8(6)13-5-9(11)12/h2-4H,5H2,1H3,(H,11,12)"
-4.6685205879941725,-5.891,5.16,107.8,InChI=1S/C16H10/c1-2-8-13-12(7-1)14-9-3-5-11-6-4-10-15(13)16(11)14/h1-10H
-9.460231188247358,-4.2589999999999995,2.7,161.0,"InChI=1S/C19H16O4/c1-12(20)11-15(13-7-3-2-4-8-13)17-18(21)14-9-5-6-10-16(14)23-19(17)22/h2-10,15,21H,11H2,1H3"
0.5159341054034514,-5.063,4.89,-55.0,"InChI=1S/C8H17Br/c1-2-3-4-5-6-7-8-9/h2-8H2,1H3"
-0.3959378776409293,-3.292,3.66,-96.0,"InChI=1S/C9H12/c1-8(2)9-6-4-3-5-7-9/h3-8H,1-2H3"
-8.550246812512096,1.119,-0.92,-60.0,"InChI=1S/C3H8O2/c1-3(5)2-4/h3-5H,2H2,1H3"
-7.055943776111622,-5.584,4.5,9.0,"InChI=1S/C19H20F3NO4/c1-3-4-11-25-18(24)13(2)26-15-6-8-16(9-7-15)27-17-10-5-14(12-23-17)19(20,21)22/h5-10,12-13H,3-4,11H2,1-2H3"
-3.7650877917713212,0.020110333,1.66,-4.0,"InChI=1S/C3H2F6O/c4-2(5,6)1(10)3(7,8)9/h1,10H"
-3.118833719400223,-1.351,1.47,-81.33,"InChI=1S/C4H9NO2/c1-2-3-4-5(6)7/h2-4H2,1H3"
-7.770065626430434,-4.102,3.34,3.5,"InChI=1S/C12H16N3O3PS/c1-3-16-19(20,17-4-2)18-12-13-10-15(14-12)11-8-6-5-7-9-11/h5-10H,3-4H2,1-2H3"
-4.6876144354014375,-4.004,4.45,70.0,"InChI=1S/C6H2Cl4O/c7-2-1-3(8)6(11)5(10)4(2)9/h1,11H"
1.7848436903623697,-3.042,3.16,-35.0,"InChI=1S/C2Cl3F3/c3-1(4,6)2(5,7)8"
-2.7167307477964,-0.42200000000000004,0.68,-35.8,"InChI=1S/C4H5N/c1-4(2)3-5/h1H2,2H3"
-4.6888060257189315,-6.237,5.300000000000002,201.75,"InChI=1S/C12H8Cl6O/c13-8-9(14)11(16)5-3-1-2(6-7(3)19-6)4(5)10(8,15)12(11,17)18/h2-7H,1H2/t2-,3+,4+,5-,6-,7+,10+,11-"
-0.7269145907665457,-2.39,2.34,-69.0,"InChI=1S/C5H6S/c1-5-2-3-6-4-5/h2-4H,1H3"
-0.01,-0.2521421255333333,0.37,-80.7375,InChI=1S/C2H2/c1-2/h1-2H
-3.1371106245104836,-0.006999999999999999,0.88,-99.0,"InChI=1S/C4H8O/c1-2-3-4-5/h4H,2-3H2,1H3"
-9.05638390878993,-3.205,3.69,17.5,"InChI=1S/C12H17O4PS2/c1-4-16-12(13)11(10-8-6-5-7-9-10)19-17(18,14-2)15-3/h5-9,11H,4H2,1-3H3"
2.5050899696528792,-3.958,3.9,-95.3,"InChI=1S/C6H14/c1-3-5-6-4-2/h3-6H2,1-2H3"
-4.270419083975438,-3.553,4.42,28.531875,"InChI=1S/C11H22O2/c1-2-3-4-5-6-7-8-9-10-11(12)13/h2-10H2,1H3,(H,12,13)"
-1.469229823309544,-1.46,1.95,-103.9425,"InChI=1S/C4H10S/c1-3-5-4-2/h3-4H2,1-2H3"
-4.64904962156078,-1.28,1.66,-57.0,"InChI=1S/C7H9N/c1-8-7-5-3-2-4-6-7/h2-6,8H,1H3"
-9.464725947175554,0.272,-0.21,114.8,"InChI=1S/C4H9NO/c1-2-3-4(5)6/h2-3H2,1H3,(H2,5,6)"
-6.996422271517052,-6.34,4.69,68.0,"InChI=1S/C14H17ClNO4PS2/c1-3-19-21(22,20-4-2)23-12(9-15)16-13(17)10-7-5-6-8-11(10)14(16)18/h5-8,12H,3-4,9H2,1-2H3"
-2.4918164252703585,-4.756,4.38,82.0,"InChI=1S/C12H12/c1-9-5-3-8-12-10(2)6-4-7-11(9)12/h3-8H,1-2H3"
-3.5363974917571515,-0.15,0.66,-74.0,"InChI=1S/C6H14O2/c1-3-7-5-6-8-4-2/h3-6H2,1-2H3"
1.83,-2.0353455015,1.81,-182.8,InChI=1S/C2H6/c1-2/h1-2H3
1.2901869709097362,-0.4000000000000001,1.13,-169.035,InChI=1S/C2H4/c1-2/h1-2H2
-3.860851202245765,1.136,0.4,-72.65,"InChI=1S/C4H11N/c1-4(2,3)5/h5H2,1-3H3"
1.671751019044728,-3.7319999999999998,3.99,-119.7,"InChI=1S/C7H14/c1-3-5-7-6-4-2/h3H,1,4-7H2,2H3"
2.884307215945736,-5.2379999999999995,5.18,-56.8,"InChI=1S/C8H18/c1-3-5-7-8-6-4-2/h3-8H2,1-2H3"
-7.793765264415457,-4.132,4.44,31.5,"InChI=1S/C12H15N2O3PS/c1-3-15-18(19,16-4-2)17-12-9-13-10-7-5-6-8-11(10)14-12/h5-9H,3-4H2,1-2H3"
-9.455327814871147,-3.181,3.41,127.0,"InChI=1S/C12H11N3/c13-10-6-8-12(9-7-10)15-14-11-4-2-1-3-5-11/h1-9H,13H2/b15-14+"
-9.165347761594637,-3.239,3.1,123.5,"InChI=1S/C10H19N5O/c1-6-11-7-12-8(15-10(2,3)4)14-9(13-7)16-5/h6H2,1-5H3,(H2,11,12,13,14,15)"
-2.6620013740406536,-1.141,1.78,-78.0,"InChI=1S/C6H12O2/c1-3-4-5-8-6(2)7/h3-5H2,1-2H3"
-5.769761698568129,-5.235,4.59,50.4575,"InChI=1S/C18H15O4P/c19-23(20-16-10-4-1-5-11-16,21-17-12-6-2-7-13-17)22-18-14-8-3-9-15-18/h1-15H"
-0.3267333251650587,-4.056,4.38,-87.94,"InChI=1S/C10H14/c1-2-3-7-10-8-5-4-6-9-10/h4-6,8-9H,2-3,7H2,1H3"
-7.183976303157147,-5.0169999999999995,4.78,36.0,"InChI=1S/C14H14NO4PS/c1-2-18-20(21,14-6-4-3-5-7-14)19-13-10-8-12(9-11-13)15(16)17/h3-11H,2H2,1H3"
-4.094327140258652,-6.08,3.83,106.0,"InChI=1S/C9H6Cl6O3S/c10-5-6(11)8(13)4-2-18-19(16)17-1-3(4)7(5,12)9(8,14)15/h3-4H,1-2H2"
-6.552939390601919,0.0,0.72,72.0,"InChI=1S/C4H6O2/c1-2-3-4(5)6/h2-3H,1H3,(H,5,6)"
-11.548795836881473,-3.614,2.77,82.0,"InChI=1S/C14H16ClN3O2/c1-14(2,3)12(19)13(18-9-16-8-17-18)20-11-6-4-10(15)5-7-11/h4-9,13H,1-3H3"
-9.980533585389807,0.622,0.88,105.0,"InChI=1S/C6H6O2/c7-5-3-1-2-4-6(5)8/h1-4,7-8H"
-4.7736958791171515,-2.194,3.08,61.5,"InChI=1S/C10H14O/c1-3-8(2)9-4-6-10(11)7-5-9/h4-8,11H,3H2,1-2H3"
-8.825108131211955,0.79,1.17,-79.0,"InChI=1S/C10H14N2/c1-12-7-3-5-10(12)9-4-2-6-11-8-9/h2,4,6,8,10H,3,5,7H2,1H3/t10-/m0/s1"
-3.1760133873682164,-3.782,2.88,54.0,"InChI=1S/C12H18O4S2/c1-7(2)15-10(13)9(11(14)16-8(3)4)12-17-5-6-18-12/h7-8H,5-6H2,1-4H3"
-1.7879668833758875,-1.065,1.48,-35.5,InChI=1S/C2H4Cl2/c3-1-2-4/h1-2H2
-4.876058082806893,1.045,-0.21,-58.0,"InChI=1S/C4H10O2/c1-5-3-4-6-2/h3-4H2,1-2H3"
0.3333036970231998,-6.46,6.3,-36.0,"InChI=1S/C14H22/c1-2-3-4-5-6-8-11-14-12-9-7-10-13-14/h7,9-10,12-13H,2-6,8,11H2,1H3"
-0.9442203350118364,-3.103,3.63,-62.3,"InChI=1S/C9H12/c1-3-9-6-4-8(2)5-7-9/h4-7H,3H2,1-2H3"
-4.838872903985863,0.15712500000000004,1.78,-6.6,"InChI=1S/C7H9N/c1-6-3-7(2)5-8-4-6/h3-5H,1-2H3"
-2.368375697508022,-1.266,1.78,-98.875,"InChI=1S/C6H12O2/c1-5(2)4-8-6(3)7/h5H,4H2,1-3H3"
-5.7143245219068985,-5.4670000000000005,4.3,98.0,"InChI=1S/C11H13F3N4O4/c1-3-16(4-2)9-7(17(19)20)5-6(11(12,13)14)8(15)10(9)18(21)22/h5H,3-4,15H2,1-2H3"
-15.491925260251605,-6.2929999999999975,4.3,161.0,"InChI=1S/C16H18N4O3/c1-2-19(11-12-21)15-7-3-13(4-8-15)17-18-14-5-9-16(10-6-14)20(22)23/h3-10,21H,2,11-12H2,1H3"
-7.652384665401358,-2.497,2.78,31.5,"InChI=1S/C12H17NO2/c1-4-9(2)10-7-5-6-8-11(10)15-12(14)13-3/h5-9H,4H2,1-3H3,(H,13,14)"
-5.472426585227297,0.22,0.4,-23.0,"InChI=1S/C5H8O2/c1-4(6)3-5(2)7/h3H2,1-2H3"
-13.20842000799452,-5.913333306333332,4.82,130.0,"InChI=1S/C19H21ClN2O/c20-16-12-10-15(11-13-16)14-22(18-8-4-5-9-18)19(23)21-17-6-2-1-3-7-17/h1-3,6-7,10-13,18H,4-5,8-9,14H2,(H,21,23)"
0.2672962442294942,-4.81,4.7,-48.11749999999999,"InChI=1S/C7H15I/c1-2-3-4-5-6-7-8/h2-7H2,1H3"
-7.055807571295616,-2.509,3.59,-13.0,"InChI=1S/C8H19O2PS2/c1-4-7-12-11(9,10-6-3)13-8-5-2/h4-8H2,1-3H3"
-5.064361432041091,1.337,-0.31,-114.083125,"InChI=1S/C2H6O/c1-2-3/h3H,2H2,1H3"
-7.624735087752162,-4.194,4.12,-12.0,"InChI=1S/C15H24NO4PS/c1-6-18-21(22,16-11(2)3)20-14-10-8-7-9-13(14)15(17)19-12(4)5/h7-12H,6H2,1-5H3,(H,16,22)"
-11.985877091444333,0.978,-1.43,28.0,"InChI=1S/C4H11NO2/c6-3-1-5-2-4-7/h5-7H,1-4H2"
-2.9732044163354656,-1.325,1.88,-74.0,"InChI=1S/C7H14O/c1-6(2)4-5-7(3)8/h6H,4-5H2,1-3H3"
-7.747455626973458,-2.28,1.38,27.0,"InChI=1S/C4H7Br2Cl2O4P/c1-10-13(9,11-2)12-3(5)4(6,7)8/h3H,1-2H3"
-1.2768392628163352,-1.6059999999999999,1.98,-100.0,"InChI=1S/C3H6Cl2/c1-3(5)2-4/h3H,2H2,1H3"
-3.6344663129561168,-0.321,0.53,-111.9425,"InChI=1S/C4H7N/c1-2-3-4-5/h2-3H2,1H3"
-0.908755864194174,-2.7760000000000002,3.12,-25.1175,"InChI=1S/C8H10/c1-7-5-3-4-6-8(7)2/h3-6H,1-2H3"
0.031401861974253105,-4.1958,4.5,-10.0,"InChI=1S/C10H16/c1-8(2)10-6-4-9(3)5-7-10/h4,7-8H,5-6H2,1-3H3"
-3.47927799473674,-1.922,2.31,2.5,"InChI=1S/C8H11N/c1-9(2)8-6-4-3-5-7-8/h3-7H,1-2H3"
-3.2851154598559864,-1.439,2.83,-62.0,"InChI=1S/C8H19N/c1-3-5-7-9-8-6-4-2/h9H,3-8H2,1-2H3"
-1.2697436370656603,-2.526,2.95,-31.0,"InChI=1S/C8H8/c1-2-8-6-4-3-5-7-8/h2-7H,1H2"
-2.312338649074951,-3.14,3.42,90.1,"InChI=1S/CBr4/c2-1(3,4)5"
-5.893571876317469,1.251,-0.38,-51.8,"InChI=1S/C3H4O/c1-2-3-4/h1,4H,3H2"
-4.307553717508536,-1.239,2.03,-44.6,"InChI=1S/C6H14O/c1-2-3-4-5-6-7/h7H,2-6H2,1H3"
-10.05081527044884,1.026,-0.72,-29.0,InChI=1S/C5H6N2/c6-4-2-1-3-5-7/h1-3H2
-5.4360598993537295,-1.8619999999999999,1.92,-60.0,"InChI=1S/C12H26O3/c1-3-5-7-13-9-11-15-12-10-14-8-6-4-2/h3-12H2,1-2H3"
-5.807626637417762,-6.625,5.45,102.0,"InChI=1S/C16H12ClF4N3O4/c1-2-22(8-10-11(17)4-3-5-12(10)18)15-13(23(25)26)6-9(16(19,20)21)7-14(15)24(27)28/h3-7H,2,8H2,1H3"
-9.159490954506383,-4.427,2.93,213.0,"InChI=1S/C9H16ClN5/c1-5(2)11-8-13-7(10)14-9(15-8)12-6(3)4/h5-6H,1-4H3,(H2,11,12,13,14,15)"
-6.75574836163467,-4.133,4.2,15.0,"InChI=1S/C11H20N3O3PS/c1-6-14(7-2)11-12-9(3)8-10(13-11)17-18(19,15-4)16-5/h8H,6-7H2,1-5H3"
-2.53,-2.492,3.05,-6.0,"InChI=1S/C10H18O/c1-7(2)9-5-4-8(3)6-10(9)11/h7-9H,4-6H2,1-3H3/t8-,9+/m1/s1"
-2.288366601457917,-0.634,0.73,-93.2,"InChI=1S/C4H6O2/c1-3-6-4(2)5/h3H,1H2,2H3"
0.3570033350082217,-3.335,3.93,-108.9,"InChI=1S/C8H12/c1-2-8-6-4-3-5-7-8/h2-4,8H,1,5-7H2"
-8.079659173211793,-3.4619999999999997,3.81,-20.0,"InChI=1S/C12H14Cl3O4P/c1-3-17-20(16,18-4-2)19-12(8-13)10-6-5-9(14)7-11(10)15/h5-8H,3-4H2,1-2H3"
-3.6163032718613217,-5.2804,5.73,-54.0,"InChI=1S/C20H27O4P/c1-3-5-12-18(4-2)17-22-25(21,23-19-13-8-6-9-14-19)24-20-15-10-7-11-16-20/h6-11,13-16,18H,3-5,12,17H2,1-2H3"
-6.199677112053116,-1.052,1.92,-2.995833333333333,"InChI=1S/C6H12O2/c1-2-3-4-5-6(7)8/h2-5H2,1H3,(H,7,8)"
-10.866682118324043,-3.1510000000000002,2.22,168.0,"InChI=1S/C9H13ClN6/c1-4-12-7-13-6(10)14-8(15-7)16-9(2,3)5-11/h4H2,1-3H3,(H2,12,13,14,15,16)"
-8.172948102801941,0.935,-0.44,29.0,InChI=1S/C4H8N2O2/c7-5-6-1-3-8-4-2-6/h1-4H2
-3.2547249455741243,-0.151,0.84,-92.0,"InChI=1S/C5H10O/c1-4(2)5(3)6/h4H,1-3H3"
-10.1657721351578,-3.57,3.36,75.0,"InChI=1S/C17H21NO2/c1-4-18(5-2)17(19)13(3)20-16-12-8-10-14-9-6-7-11-15(14)16/h6-13H,4-5H2,1-3H3"
-11.36001596189733,-3.536,2.87,158.0,"InChI=1S/C12H18N2O/c1-9(2)10-5-7-11(8-6-10)13-12(15)14(3)4/h5-9H,1-4H3,(H,13,15)"
-9.121898425288759,-2.85,2.13,137.0,"InChI=1S/C14H12O2/c15-13(11-7-3-1-4-8-11)14(16)12-9-5-2-6-10-12/h1-10,13,15H"
-7.6752670744903435,0.545,0.78,-5.0,"InChI=1S/C3H4Cl2O2/c1-3(4,5)2(6)7/h1H3,(H,6,7)"
0.025770074306383697,-5.255,5.52,-61.0,"InChI=1S/C12H18/c1-2-3-4-6-9-12-10-7-5-8-11-12/h5,7-8,10-11H,2-4,6,9H2,1H3"
-6.006758078418352,-6.558,4.73,84.0,"InChI=1S/C15H11ClF3NO4/c1-2-23-14-8-10(4-5-12(14)20(21)22)24-13-6-3-9(7-11(13)16)15(17,18)19/h3-8H,2H2,1H3"
-4.759939192700556,-8.033999999999999,5.77,212.0,"InChI=1S/C17H12/c1-2-6-13-11-17-15(9-12(13)5-1)10-14-7-3-4-8-16(14)17/h1-9,11H,10H2"
-3.669967803852833,-0.237,1.67,-63.0,"InChI=1S/C6H15N/c1-3-5-7-6-4-2/h7H,3-6H2,1-2H3"
-6.050071209908223,-2.862,2.89,35.0,"InChI=1S/C10H13ClN2/c1-8-6-9(11)4-5-10(8)12-7-13(2)3/h4-7H,1-3H3"
-8.653490063044549,0.747,0.28,7.2,"InChI=1S/C6H18N3OP/c1-7(2)11(10,8(3)4)9(5)6/h1-6H3"
-5.1997445435835346,-1.933,2.75,68.5,"InChI=1S/C6H4Cl2O/c7-4-2-1-3-5(8)6(4)9/h1-3,9H"
-6.635751918733492,-1.619,1.84,5.5,"InChI=1S/C8H11Cl2NO/c1-3-5-11(6-4-2)8(12)7(9)10/h3-4,7H,1-2,5-6H2"
-6.921913093577572,-6.539,5.08,87.0,"InChI=1S/C16H15Cl3O2/c1-20-13-7-3-11(4-8-13)15(16(17,18)19)12-5-9-14(21-2)10-6-12/h3-10,15H,1-2H3"
-5.554171772353572,-0.413,0.9,-6.019,"InChI=1S/C6H7N/c7-6-4-2-1-3-5-6/h1-5H,7H2"
-6.212427350587228,-4.8580000000000005,4.73,69.0,"InChI=1S/C19H25NO4/c1-11(2)9-14-15(19(14,3)4)18(23)24-10-20-16(21)12-7-5-6-8-13(12)17(20)22/h9,14-15H,5-8,10H2,1-4H3"
-4.4767974671689235,-0.519,1.16,-117.1175,"InChI=1S/C5H12O/c1-5(2)3-4-6/h5-6H,3-4H2,1-2H3"
-5.315823926954397,1.337,-1.05,-52.4,"InChI=1S/CH6N2/c1-3-2/h3H,2H2,1H3"
-4.68,-0.86,1.81,-7.0,"InChI=1S/C7H6O2/c8-5-6-3-1-2-4-7(6)9/h1-5,9H"
-13.744008856448188,-0.6759999999999999,0.08,153.2,"InChI=1S/C6H10O4/c7-5(8)3-1-2-4-6(9)10/h1-4H2,(H,7,8)(H,9,10)"
-9.711392868962195,-2.086,2.17,46.0,"InChI=1S/C13H18ClNO2/c1-10-5-4-6-11(2)13(10)15(7-8-17-3)12(16)9-14/h4-6H,7-9H2,1-3H3"
-6.048028137668135,-4.63,4.39,6.1,"InChI=1S/C12H15N2O3PS/c1-3-15-18(19,16-4-2)17-14-12(10-13)11-8-6-5-7-9-11/h5-9H,3-4H2,1-2H3/b14-12+"
-0.9892139187489148,-2.1719999999999997,2.63,-79.5,"InChI=1S/C7H8/c1-2-4-6-7-5-3-1/h1-6H,7H2"
-1.3331622268087044,-3.792,3.95,-15.1175,"InChI=1S/C7H6Cl2/c1-5-2-3-6(8)7(9)4-5/h2-4H,1H3"
-3.1024627867250434,-4.077,4.14,25.2,"InChI=1S/C13H12/c1-3-7-12(8-4-1)11-13-9-5-2-6-10-13/h1-10H,11H2"
-1.3237640945042983,-3.2760000000000002,3.72,-31.2,"InChI=1S/C10H14/c1-3-9-7-5-6-8-10(9)4-2/h5-8H,3-4H2,1-2H3"
-4.760953465538498,-1.001,1.38,48.0,"InChI=1S/C6H14N2O/c1-5(2)8(7-9)6(3)4/h5-6H,1-4H3"
-0.7965617756394666,-1.795,2.27,-42.2,InChI=1S/C6H5F/c7-6-4-2-1-3-5-6/h1-5H
-5.34728899837436,-5.0775,3.86,112.5,"InChI=1S/C6H6Cl6/c7-1-2(8)4(10)6(12)5(11)3(1)9/h1-6H/t1-,2-,3-,4+,5+,6+"
-9.980942199837823,-2.093,2.04,33.4,"InChI=1S/C11H15NO2S/c1-3-15-8-9-6-4-5-7-10(9)14-11(13)12-2/h4-7H,3,8H2,1-2H3,(H,12,13)"
-6.655403409275099,-4.649,3.83,6.1,"InChI=1S/C10H14NO5PS/c1-3-14-17(18,15-4-2)16-10-7-5-9(6-8-10)11(12)13/h5-8H,3-4H2,1-2H3"
-3.9239140320564863,-1.393,2.22,-41.2,"InChI=1S/C7H16O/c1-3-5-7(8)6-4-2/h7-8H,3-6H2,1-2H3"
-0.3229894447677007,-1.4609999999999999,2.04,-122.8,"InChI=1S/C3H7Cl/c1-2-3-4/h2-3H2,1H3"
-11.209373435394829,-3.483,2.41,148.1,"InChI=1S/C10H13ClN2O/c1-7-4-5-8(6-9(7)11)12-10(14)13(2)3/h4-6H,1-3H3,(H,12,14)"
-3.932222525832845,-5.5070000000000014,4.88,41.0,"InChI=1S/C8H8Cl3O3PS/c1-12-15(16,13-2)14-8-4-6(10)5(9)3-7(8)11/h3-4H,1-2H3"
0.010029889547084413,-1.6369999999999998,1.98,-90.0,"InChI=1S/C5H8/c1-3-5-4-2/h1H,4-5H2,2H3"
-2.4822062517858243,-1.8769999999999998,2.3,-70.8,"InChI=1S/C7H14O2/c1-3-4-5-6-9-7(2)8/h3-6H2,1-2H3"
-9.370744624131495,-5.037,3.2,209.5,InChI=1S/C8H2Cl4O2/c9-4-2-1-14-8(13)3(2)5(10)7(12)6(4)11/h1H2
-3.52,-5.7196,4.75,104.5,InChI=1S/C12H7ClO2/c13-8-4-3-7-11-12(8)15-10-6-2-1-5-9(10)14-11/h1-7H
-1.8129535452164212,-1.4589666666666667,1.77,-85.0,InChI=1S/C2H6S2/c1-3-4-2/h1-2H3
-0.4784770063718271,-2.0,2.21,-69.0,InChI=1S/C6H4F2/c7-5-2-1-3-6(8)4-5/h1-4H
-5.033166053608347,-5.47,4.9300000000000015,60.0,"InChI=1S/C14H21N3O4/c1-6-9(2)15-13-11(16(18)19)7-10(14(3,4)5)8-12(13)17(20)21/h7-9,15H,6H2,1-5H3"
-3.3522259460676915,-0.774,0.87,-108.0,"InChI=1S/C3H7NO2/c1-2-3-4(5)6/h2-3H2,1H3"
-7.39958852689445,-1.8030000000000002,1.7,76.5,"InChI=1S/C9H11NO2/c1-7-4-3-5-8(6-7)12-9(11)10-2/h3-6H,1-2H3,(H,10,11)"
-7.404900514718679,-1.406,1.84,107.0,"InChI=1S/C9H10O2/c10-9(11)7-6-8-4-2-1-3-5-8/h1-5H,6-7H2,(H,10,11)"
-6.311584456639506,-2.313,2.42,-40.5,"InChI=1S/C12H14O4/c1-3-15-11(13)9-7-5-6-8-10(9)12(14)16-4-2/h5-8H,3-4H2,1-2H3"
-3.5217012103911296,-6.956,5.0,209.0,"InChI=1S/C15H12/c1-11-6-7-14-9-12-4-2-3-5-13(12)10-15(14)8-11/h2-10H,1H3"
-5.543155687436143,-0.81,1.32,-16.3,"InChI=1S/C7H9N/c1-6-4-2-3-5-7(6)8/h2-5H,8H2,1H3"
-11.272300060389545,-2.506,2.11,158.0,"InChI=1S/C9H13BrN2O2/c1-4-5(2)12-8(13)7(10)6(3)11-9(12)14/h5H,4H2,1-3H3,(H,11,14)"
-6.788846131924099,-3.747,1.7,130.0,"InChI=1S/C11H13NO4/c1-11(2)15-8-6-4-5-7(9(8)16-11)14-10(13)12-3/h4-6H,1-3H3,(H,12,13)"
-7.5333235574325395,-0.7480293677,0.95,57.2,"InChI=1S/C7H9NO/c1-9-7-4-2-6(8)3-5-7/h2-5H,8H2,1H3"
-7.924249478149086,-4.402,3.21,178.0,"InChI=1S/C9H16ClN5/c1-5-11-7-12-6(10)13-8(14-7)15-9(2,3)4/h5H2,1-4H3,(H2,11,12,13,14,15)"
-6.72,-0.2636316857,-0.47,-22.5,"InChI=1S/C4H5NO2/c1-7-4(6)2-3-5/h2H2,1H3"
-0.8522600191022991,-1.291,1.79,-96.9375,"InChI=1S/C2H4Cl2/c1-2(3)4/h2H,1H3"
-10.93251176093398,-0.953,0.64,129.1,"InChI=1S/C7H7NO/c8-7(9)6-4-2-1-3-5-6/h1-5H,(H2,8,9)"
-5.654118901423296,-1.35,1.16,-22.3,InChI=1S/C2H4N2O6/c5-3(6)9-1-2-10-4(7)8/h1-2H2
-9.4,-4.2299999985,-0.66,81.3,"InChI=1S/C3H7NO/c1-2-3(4)5/h2H2,1H3,(H2,4,5)"
-1.831944263022224,-5.553,4.96,91.5,InChI=1S/C12H9Br/c13-12-8-6-11(7-9-12)10-4-2-1-3-5-10/h1-9H
-7.27700419248916,0.79,0.39,-45.0,"InChI=1S/C8H18O3/c1-3-9-5-7-11-8-6-10-4-2/h3-8H2,1-2H3"
-4.5454646535165635,0.059000000000000004,0.76,-108.0,"InChI=1S/C4H10O/c1-4(2)3-5/h4-5H,3H2,1-2H3"
-2.7659667572535587,-1.249,1.78,-56.0,"InChI=1S/C6H12O/c1-2-3-4-5-6-7/h6H,2-5H2,1H3"
-2.612125449103886,-5.096,4.38,99.5,InChI=1S/C6HCl4NO2/c7-2-1-3(8)5(10)6(4(2)9)11(12)13/h1H
-4.5967658231255175,-1.94,2.48,-69.1,"InChI=1S/C10H22O2/c1-3-5-7-11-9-10-12-8-6-4-2/h3-10H2,1-2H3"
-10.848880214885929,-1.9977,0.63,106.0,"InChI=1S/C5H10N2S2/c1-6-3-7(2)5(8)9-4-6/h3-4H2,1-2H3"
-7.8073857460160445,-2.963,3.31,153.0,"InChI=1S/C8H5Cl3O3/c9-4-1-6(11)7(2-5(4)10)14-3-8(12)13/h1-2H,3H2,(H,12,13)"
-0.2400197109885534,-2.511,3.01,-29.1,"InChI=1S/C7H5F3/c8-7(9,10)6-4-2-1-3-5-6/h1-5H"
-11.421580538731986,-2.245,1.7,126.0,"InChI=1S/C8H14N4OS/c1-8(2,3)5-6(13)12(9)7(14-4)11-10-5/h9H2,1-4H3"
-1.8723970933759688,-7.857,5.77,141.0,InChI=1S/C10H4Cl4/c11-7-3-1-2-5-6(7)4-8(12)10(14)9(5)13/h1-4H
-11.012285066634321,-4.74,4.46,106.0,"InChI=1S/C20H27NO3/c1-6-16(21-24-7-2)20-17(22)10-15(11-18(20)23)19-13(4)8-12(3)9-14(19)5/h8-9,15,22H,6-7,10-11H2,1-5H3"
2.9338622490234045,-3.1189999999999998,2.82,-94.0,"InChI=1S/C2Cl2F4/c3-1(5,6)2(4,7)8"
0.35163437827224564,-4.431,4.36,-58.0,"InChI=1S/C7H15Br/c1-2-3-4-5-6-7-8/h2-7H2,1H3"
-0.6957236879012005,-3.733,4.58,-42.89999999999999,"InChI=1S/C10H14/c1-3-9-5-7-10(4-2)8-6-9/h5-8H,3-4H2,1-2H3"
-4.903090454322735,-1.3430000000000002,1.14,-24.0,"InChI=1S/C4H10O4S/c1-3-7-9(5,6)8-4-2/h3-4H2,1-2H3"
-3.628213376507727,-6.886,5.85,152.0,"InChI=1S/C16H14/c1-2-12-7-8-15-10-13-5-3-4-6-14(13)11-16(15)9-12/h3-11H,2H2,1H3"
-5.605035904277041,-2.839,2.02,79.0,"InChI=1S/C7H7NO4/c1-12-5-2-3-7(9)6(4-5)8(10)11/h2-4,9H,1H3"
-4.389053478716555,-3.2460000000000004,2.69,72.0,"InChI=1S/C6H5Cl2N/c7-5-2-1-4(9)3-6(5)8/h1-3H,9H2"
-3.1783008538212503,1.178,0.16,-117.02,InChI=1S/C3H9N/c1-4(2)3/h1-3H3
-2.8651939972428044,-6.222,5.11,55.5,"InChI=1S/C13H14F3N3O4/c1-4-17(7-8(2)3)12-10(18(20)21)5-9(13(14,15)16)6-11(12)19(22)23/h5-6H,2,4,7H2,1,3H3"
-11.096308054046636,-2.485,1.89,176.0,"InChI=1S/C9H13ClN2O2/c1-5-6(10)7(13)12(8(14)11-5)9(2,3)4/h1-4H3,(H,11,14)"
-7.692653746734417,-4.1930000000000005,4.5,-2.8,"InChI=1S/C17H26ClNO2/c1-4-7-11-21-13-19(16(20)12-18)17-14(5-2)9-8-10-15(17)6-3/h8-10H,4-7,11-13H2,1-3H3"
1.6413415831335385,-3.2260000000000004,3.39,-139.7,"InChI=1S/C6H12/c1-3-5-6-4-2/h3H,1,4-6H2,2H3"
-7.866226226530582,-0.914,1.41,76.5,"InChI=1S/C8H8O2/c9-8(10)6-7-4-2-1-3-5-7/h1-5H,6H2,(H,9,10)"
-6.359664756689581,-7.8439999999999985,6.44,177.5,InChI=1S/C20H12/c1-2-8-16-15(7-1)17-9-3-5-13-11-12-14-6-4-10-18(16)20(14)19(13)17/h1-12H
-2.1863491942695155,-2.35,2.53,-44.875,"InChI=1S/C8H6/c1-2-8-6-4-3-5-7-8/h1,3-7H"
-0.86,-1.5,1.79,-119.025,"InChI=1S/C3H5Br/c1-2-3-4/h2H,1,3H2"
-4.970920452693659,-3.7230000000000003,2.71,14.5,"InChI=1S/C9H10NO3PS/c1-11-14(15,12-2)13-9-5-3-8(7-10)4-6-9/h3-6H,1-2H3"
-7.494931898098563,-2.68,1.75,108.0,"InChI=1S/C6H4N2O5/c9-6-3-4(7(10)11)1-2-5(6)8(12)13/h1-3,9H"
-7.967835019270967,0.23399999999999999,-0.41,-48.8,"InChI=1S/C4H6O3/c1-3-2-6-4(5)7-3/h3H,2H2,1H3"
-10.830996456530505,-3.141,2.14,91.5,"InChI=1S/C12H13NO2S/c1-9-11(16-8-7-15-9)12(14)13-10-5-3-2-4-6-10/h2-6H,7-8H2,1H3,(H,13,14)"
-7.4245140082235235,-2.2159999999999997,1.62,13.5,"InChI=1S/C3H5N3O9/c7-4(8)13-1-3(15-6(11)12)2-14-5(9)10/h3H,1-2H2"
-3.2480619635662684,0.036000000000000004,1.4,-61.0,"InChI=1S/C6H15N/c1-5(2)7-6(3)4/h5-7H,1-4H3"
-3.4294905499551533,-2.003,2.48,-97.0,"InChI=1S/C6H12Cl2O/c1-5(3-7)9-6(2)4-8/h5-6H,3-4H2,1-2H3"
-5.611363628647044,-1.5036,1.84,51.0,"InChI=1S/C8H11N/c1-6-3-4-8(9)5-7(6)2/h3-5H,9H2,1-2H3"
-3.5059014517344504,-5.218,4.97,85.0,"InChI=1S/C14H12/c1-10-5-4-8-13-12-7-3-2-6-11(12)9-14(10)13/h2-8H,9H2,1H3"
-4.083725822272169,-2.3819999999999997,3.0,-15.5,"InChI=1S/C8H18O/c1-2-3-4-5-6-7-8-9/h9H,2-8H2,1H3"
-3.5325115810908265,1.3559999999999999,-0.34,-123.0,"InChI=1S/C2H4O/c1-2-3/h2H,1H3"
-2.532854246188467,-0.8240000000000001,1.38,-48.0,"InChI=1S/C5H8O2/c1-4(2)5(6)7-3/h1H2,2-3H3"
-2.8358223056543976,0.7040000000000001,0.03,-99.0,"InChI=1S/C2H4O2/c1-4-2-3/h2H,1H3"
-4.572869202419152,-6.176,4.88,151.2,InChI=1S/C16H10/c1-3-11-7-9-13-5-2-6-14-10-8-12(4-1)15(11)16(13)14/h1-10H
-12.380598648229366,-0.447,0.6,78.0,"InChI=1S/C5H10N2O2S/c1-4(10-3)7-9-5(8)6-2/h1-3H3,(H,6,8)"
-7.364311479548927,-4.306,3.58,52.5,"InChI=1S/C8H9ClNO5PS/c1-13-16(17,14-2)15-8-4-3-6(10(11)12)5-7(8)9/h3-5H,1-2H3"
-6.71,-5.06,5.17,207.25,"InChI=1S/C14H12ClNO2/c1-9-11(15)6-4-8-12(9)16-13-7-3-2-5-10(13)14(17)18/h2-8,16H,1H3,(H,17,18)"
-7.9679712240869724,-7.2429999999999986,6.21,52.25,"InChI=1S/C25H22ClNO3/c1-17(2)24(18-11-13-20(26)14-12-18)25(28)30-23(16-27)19-7-6-10-22(15-19)29-21-8-4-3-5-9-21/h3-15,17,23-24H,1-2H3"
-9.948525453628427,-2.965,3.23,49.0,"InChI=1S/C13H22NO3PS/c1-6-16-18(15,14-10(2)3)17-12-7-8-13(19-5)11(4)9-12/h7-10H,6H2,1-5H3,(H,14,15)"
-0.07814437763408996,-1.966,2.33,-140.0,"InChI=1S/C4H9Cl/c1-3-4(2)5/h4H,3H2,1-2H3"
-3.8409652991089045,-5.972,5.2,56.0,"InChI=1S/C13H19N3O4/c1-5-10(6-2)14-12-11(15(17)18)7-8(3)9(4)13(12)16(19)20/h7,10,14H,5-6H2,1-4H3"
-10.394460021231666,-2.9360000000000004,1.94,170.5,"InChI=1S/C9H11ClN2O/c1-12(2)9(13)11-8-5-3-7(10)4-6-8/h3-6H,1-2H3,(H,11,13)"
-10.493208512835931,-2.5660000000000003,2.38,85.0,"InChI=1S/C8H15N5S/c1-5(2)10-7-11-6(9-3)12-8(13-7)14-4/h5H,1-4H3,(H2,9,10,11,12,13)"
-2.7400217713334056,-7.795,5.75,198.0,InChI=1S/C10H4Cl4/c11-7-5-3-1-2-4-6(5)8(12)10(14)9(7)13/h1-4H
-10.914626213558114,0.106,-0.47,101.0,"InChI=1S/C7H13N3O3S/c1-8-7(12)13-9-5(14-4)6(11)10(2)3/h1-4H3,(H,8,12)"
-6.103182557674573,-0.7020000000000001,1.94,35.5,"InChI=1S/C7H8O/c1-6-2-4-7(8)5-3-6/h2-5,8H,1H3"
-7.138620099427189,-8.048,6.75,269.5,InChI=1S/C22H14/c1-3-7-19-15(5-1)9-11-17-14-22-18(13-21(17)19)12-10-16-6-2-4-8-20(16)22/h1-14H
-2.347862387135557,-3.741,3.87,-30.4,"InChI=1S/C11H10/c1-9-5-4-7-10-6-2-3-8-11(9)10/h2-8H,1H3"
-3.208860338086105,0.578,-0.01,-87.7,"InChI=1S/C3H4O/c1-2-3-4/h2-3H,1H2"
-2.40656456971309,-2.017,2.11,-37.5,"InChI=1S/C7H8O/c1-8-7-5-3-2-4-6-7/h2-6H,1H3"
-4.5260755236184655,-4.8,3.08,166.0,"InChI=1S/C13H11Cl2NO2/c1-12-6-13(12,2)11(18)16(10(12)17)9-4-7(14)3-8(15)5-9/h3-5H,6H2,1-2H3"
-6.496141982327467,-7.138,6.31,70.4,"InChI=1S/C13H10BrCl2O2PS/c1-17-19(20,9-5-3-2-4-6-9)18-13-8-11(15)10(14)7-12(13)16/h2-8H,1H3"
-5.214863278160187,-0.096,0.41,-38.1,InChI=1S/C5H4O2/c6-4-5-2-1-3-7-5/h1-4H
-1.1976351991779244,-2.24,2.84,-78.1,"InChI=1S/C6H14S/c1-5(2)7-6(3)4/h5-6H,1-4H3"
-2.943843471442648,-0.15,0.84,-87.5,"InChI=1S/C4H8O2/c1-3-4(5)6-2/h3H2,1-2H3"
-11.933029622834052,-2.227,2.3,98.0,"InChI=1S/C17H21NO4/c1-18-12-8-9-13(18)15(17(20)21-2)14(10-12)22-16(19)11-6-4-3-5-7-11/h3-7,12-15H,8-10H2,1-2H3/t12?,13?,14-,15+/m0/s1"
-2.9034675505404564,-2.374,2.96,6.0,"InChI=1S/C3H5Br2Cl/c4-1-3(5)2-6/h3H,1-2H2"
-2.6481543463096164,-2.593,2.88,-3.8,"InChI=1S/C9H18O/c1-3-5-7-9(10)8-6-4-2/h3-8H2,1-2H3"
-3.850363431413312,-3.761,3.41,63.0,"InChI=1S/C6H3Cl4N/c7-5-3-1-2-4(11-5)6(8,9)10/h1-3H"
-4.082212326637936,1.136,0.58,-50.0,"InChI=1S/C4H11N/c1-3-5-4-2/h5H,3-4H2,1-2H3"
-7.29,-1.2486,3.33,68.0,"InChI=1S/C6H4Cl2O/c7-5-2-1-4(9)3-6(5)8/h1-3,9H"
-9.463636308647507,-3.02,2.22,160.0,"InChI=1S/C11H19N3O/c1-4-6-7-9-8(3)13-11(12-5-2)14-10(9)15/h4-7H2,1-3H3,(H2,12,13,14,15)"
-8.410909285738086,-2.7760000000000002,3.48,107.4,InChI=1S/C13H9N/c1-2-6-11-10(5-1)9-14-13-8-4-3-7-12(11)13/h1-9H
-2.3952873820225293,-5.8770000000000024,4.56,79.0,"InChI=1S/C9H11Cl2O3PS/c1-6-4-7(10)9(8(11)5-6)14-15(16,12-2)13-3/h4-5H,1-3H3"
-20.3,-3.0839999999999996,1.2,204.0,"InChI=1S/C15H16N4O5S/c1-9-8-10(2)17-14(16-9)18-15(21)19-25(22,23)12-7-5-4-6-11(12)13(20)24-3/h4-8H,1-3H3,(H2,16,17,18,19,21)"
-4.371414955043793,-11.248,8.2,264.0,InChI=1S/C12HCl7O2/c13-2-1-3-10(7(17)4(2)14)21-12-9(19)6(16)5(15)8(18)11(12)20-3/h1H
-4.362626265069332,-0.29600000000000004,1.19,-73.0,"InChI=1S/C5H12O/c1-3-4-5(2)6/h5-6H,3-4H2,1-2H3"
-1.6719036042153193,-3.63,3.54,68.0,InChI=1S/C6H4BrCl/c7-5-1-3-6(8)4-2-5/h1-4H
-2.275614227810056,-2.332,2.51,-29.5,"InChI=1S/C8H10O/c1-2-9-8-6-4-3-5-7-8/h3-7H,2H2,1H3"
-8.899475960751166,-4.383,3.6,118.0,"InChI=1S/C17H12Cl2N2O/c18-14-7-5-12(6-8-14)17(22,13-9-20-11-21-10-13)15-3-1-2-4-16(15)19/h1-11,22H"
-8.211914049553501,-8.24,6.41,206.0,InChI=1S/C22H14/c1-2-8-16-14-22-20-12-6-4-10-18(20)17-9-3-5-11-19(17)21(22)13-15(16)7-1/h1-14H
-8.80549463770711,-4.114,2.78,72.0,"InChI=1S/C11H12NO4PS2/c1-15-17(18,16-2)19-7-12-10(13)8-5-3-4-6-9(8)11(12)14/h3-6H,7H2,1-2H3"
-4.513272270913914,0.28800000000000003,-0.43,60.2,InChI=1S/C3H6O3/c1-4-2-6-3-5-1/h1-3H2
2.324964796823111,-3.278,3.39,-129.7,"InChI=1S/C5H12/c1-3-5-4-2/h3-5H2,1-2H3"
-9.601475582445454,-2.682,2.34,138.0,"InChI=1S/C10H12N2O3S/c1-7(2)12-10(13)8-5-3-4-6-9(8)11-16(12,14)15/h3-7,11H,1-2H3"
-9.847325275336061,-1.499,1.13,99.0,"InChI=1S/C7H14N2O2S/c1-7(2,12-4)5-9-11-6(10)8-3/h5H,1-4H3,(H,8,10)"
-5.700024832773119,-0.81,1.68,-31.8,"InChI=1S/C6H12O2/c1-3-5(4-2)6(7)8/h5H,3-4H2,1-2H3,(H,7,8)"
-0.015445550079116185,-2.73048,2.73,-99.0,"InChI=1S/C5H11Cl/c1-2-3-4-5-6/h2-5H2,1H3"
-5.893857534614608,-1.515,1.83,72.5,"InChI=1S/C6H6ClN/c7-5-1-3-6(8)4-2-5/h1-4H,8H2"
-2.546055411337565,-2.12,2.52,-14.9,"InChI=1S/C6H6S/c7-6-4-2-1-3-5-6/h1-5,7H"
-5.68,-3.3,5.25,133.5,"InChI=1S/C14H10F3NO2/c15-14(16,17)9-4-3-5-10(8-9)18-12-7-2-1-6-11(12)13(19)20/h1-8,18H,(H,19,20)"
-7.481039006865963,1.008,0.28,-14.6,"InChI=1S/C5H6O2/c6-4-5-2-1-3-7-5/h1-3,6H,4H2"
-12.115544076281926,-2.073,1.7,187.0,"InChI=1S/C9H7N3S/c1-6-3-2-4-7-8(6)12-5-10-11-9(12)13-7/h2-5H,1H3"
-8.914458490511812,-4.77,2.8,178.0,"InChI=1S/C9H8Cl3NO2S/c10-9(11,12)16-13-7(14)5-3-1-2-4-6(5)8(13)15/h1-2,5-6H,3-4H2"
-8.033758150217812,-5.3839999999999995,4.13,93.0,"InChI=1S/C14H16ClO5PS/c1-4-17-21(22,18-5-2)20-10-6-7-11-9(3)13(15)14(16)19-12(11)8-10/h6-8H,4-5H2,1-3H3"
-1.2889646976844549,-3.008,3.48,-23.1175,"InChI=1S/C9H10/c1-8(2)9-6-4-3-5-7-9/h3-7H,1H2,2H3"
-8.897569093327084,-3.2089999999999996,2.2,39.0,"InChI=1S/C6H11N2O4PS3/c1-10-5-7-8(6(9)16-5)4-15-13(14,11-2)12-3/h4H2,1-3H3"
-11.126152292815236,-2.059,1.98,300.0,"InChI=1S/C10H14NO6P/c1-3-15-18(14,16-4-2)17-10-7-5-9(6-8-10)11(12)13/h5-8H,3-4H2,1-2H3"
-1.7665659513394032,-3.543,3.75,-7.0,InChI=1S/C6H4Br2/c7-5-2-1-3-6(8)4-5/h1-4H
-2.4049579239589485,-1.273,1.72,-98.93333333333334,"InChI=1S/C6H12O2/c1-4-5(2)8-6(3)7/h5H,4H2,1-3H3"
-7.033469981470652,-3.3569999999999998,3.43,94.0,InChI=1S/C13H9N/c1-2-5-11-10(4-1)7-8-13-12(11)6-3-9-14-13/h1-9H
-8.715190844695215,-4.232,3.43,155.0,"InChI=1S/C12H11Cl2NO/c1-4-12(2,3)15-11(16)8-5-9(13)7-10(14)6-8/h1,5-7H,2-3H3,(H,15,16)"
-9.407519924453084,-2.283,1.06,151.0,"InChI=1S/C6H3Cl2NO2/c7-3-1-2-4(8)9-5(3)6(10)11/h1-2H,(H,10,11)"
0.1610537571551253,-1.6340000000000001,2.13,-122.5,InChI=1S/C2H2Cl2/c1-2(3)4/h1H2
-2.8692801417229816,-3.028,3.31,-38.8,"InChI=1S/C10H15N/c1-3-11(4-2)10-8-6-5-7-9-10/h5-9H,3-4H2,1-2H3"
-7.8930585752837406,-3.872,3.45,21.0,"InChI=1S/C8H9ClNO5PS/c1-13-16(17,14-2)15-6-3-4-8(10(11)12)7(9)5-6/h3-5H,1-2H3"
-7.527893463571986,-5.693,4.8,90.0,"InChI=1S/C15H18Cl2N2O3/c1-8(2)21-12-7-11(9(16)6-10(12)17)19-14(20)22-13(18-19)15(3,4)5/h6-8H,1-5H3"
-4.260884746855025,1.2429999999999999,0.03,-88.2,"InChI=1S/C3H7N/c1-2-3-4/h2H,1,3-4H2"
1.98,-2.39,2.36,-187.6,"InChI=1S/C3H8/c1-3-2/h3H2,1-2H3"
-1.370538088383512,-1.446,1.81,-39.4,InChI=1S/C4H4S/c1-2-4-5-3-1/h1-4H
-3.4668106695407634,1.0070000000000001,0.03,-111.9425,"InChI=1S/C3H6O/c1-3-2-4-3/h3H,2H2,1H3"
-3.62,-3.41,3.83,-22.0,"InChI=1S/C10H21NOS/c1-4-7-8-11(6-3)10(12)13-9-5-2/h4-9H2,1-3H3"
-7.316775998762875,-4.5169999999999995,3.4,53.0,"InChI=1S/C12H16N3O3PS2/c1-3-17-19(20,18-4-2)21-9-15-12(16)10-7-5-6-8-11(10)13-14-15/h5-8H,3-4,9H2,1-2H3"
-4.098392401360013,-4.755,4.48,-29.2,"InChI=1S/C9H21O2PS3/c1-6-10-12(13,11-7-2)15-8-14-9(3,4)5/h6-8H2,1-5H3"
-12.64,-0.966,-0.07,238.0,"InChI=1S/C8H10N4O2/c1-10-4-9-6-5(10)7(13)12(3)8(14)11(6)2/h4H,1-3H3"
-9.942804851356179,-6.015,3.88,239.0,"InChI=1S/C14H9ClF2N2O2/c15-8-4-6-9(7-5-8)18-14(21)19-13(20)12-10(16)2-1-3-11(12)17/h1-7H,(H2,18,19,20,21)"
-2.462708765945439,-2.282,2.79,-93.5,"InChI=1S/C9H21N/c1-4-7-10(8-5-2)9-6-3/h4-9H2,1-3H3"
1.0061026170934797,-3.7725704235,4.583333333166667,-60.5,"InChI=1S/C10H16/c1-7-4-5-8-6-9(7)10(8,2)3/h4,8-9H,5-6H2,1-3H3"
-4.015579873228441,-4.39,2.93,133.0,"InChI=1S/C7H6ClNO3/c1-4-2-7(10)6(9(11)12)3-5(4)8/h2-3,10H,1H3"
-9.6234045578224,-0.067,0.46,86.5,"InChI=1S/C4H5NO2/c1-3-2-4(6)5-7-3/h2H,1H3,(H,5,6)"
-0.19557960352762105,-3.8819999999999997,4.57,-82.7,"InChI=1S/C10H14/c1-3-9(2)10-7-5-4-6-8-10/h4-9H,3H2,1-2H3"
-5.165965749214076,-1.936,2.67,58.0,"InChI=1S/C9H12O/c1-6-4-5-7(2)9(10)8(6)3/h4-5,10H,1-3H3"
-6.524740389434513,-1.344,1.43,-60.0,"InChI=1S/C4H7Cl2O4P/c1-8-11(7,9-2)10-3-4(5)6/h3H,1-2H3"
-3.0024884517767294,0.185,0.74,-104.0,"InChI=1S/C4H11N/c1-3-4(2)5/h4H,3,5H2,1-2H3"
-18.17,-2.3698,-0.21,310.0,"InChI=1S/C4H3BrN2O2/c5-2-1-6-4(9)7-3(2)8/h1H,(H2,6,7,8,9)"
-7.399997141342468,-5.9910000000000005,4.58,117.0,"InChI=1S/C14H15N3/c1-17(2)14-10-8-13(9-11-14)16-15-12-6-4-3-5-7-12/h3-11H,1-2H3"
-6.3114482518235,-3.38,3.51,41.0,"InChI=1S/C10H12ClNO2/c1-7(2)14-10(13)12-9-5-3-4-8(11)6-9/h3-7H,1-2H3,(H,12,13)"
-4.623967501468242,-5.037333295333333,5.5,86.0,"InChI=1S/C19H23N3/c1-14-6-8-18(16(3)10-14)20-12-22(5)13-21-19-9-7-15(2)11-17(19)4/h6-13H,1-5H3/b20-12+,21-13+"
-8.394156093369363,-3.4160000000000004,2.7,71.0,"InChI=1S/C13H18O5S/c1-5-16-12-13(2,3)10-8-9(18-19(4,14)15)6-7-11(10)17-12/h6-8,12H,5H2,1-4H3"
-2.378778162392036,-3.616,3.3,80.2,InChI=1S/C10H8/c1-2-6-10-8-4-3-7-9(10)5-1/h1-8H
-1.0896891888405111,-1.177,1.97,-63.6,InChI=1S/CHCl3/c2-1(3)4/h1H
-1.5,-1.0569732819,1.54,-105.9425,"InChI=1S/C3H8S/c1-3-4-2/h3H2,1-2H3"
-14.558513656163333,0.65,-0.85,88.0,"InChI=1S/C4H10NO3PS/c1-4(6)5-9(7,8-2)10-3/h1-3H3,(H,5,6,7)"
-5.06475329483697,1.055,-0.27,11.8,InChI=1S/C4H8O2/c1-2-6-4-3-5-1/h1-4H2
0.09442454792061952,-1.6159999999999999,2.06,48.5,"InChI=1S/C3H2ClF5O/c4-1(3(7,8)9)10-2(5)6/h1-2H"
-0.8960809722458449,-0.833,1.34,-85.55000000000003,InChI=1S/C4H4O/c1-2-4-5-3-1/h1-4H
-11.653673545206,-4.1110000000000015,3.8,135.5,"InChI=1S/C14H20N2O/c1-11-7-5-6-10-13(11)16-14(17)15-12-8-3-2-4-9-12/h2-4,8-9,11,13H,5-7,10H2,1H3,(H2,15,16,17)"
-9.49060486221667,-1.347,-0.57,141.0,"InChI=1S/C7H14N2O4S/c1-7(2,14(4,11)12)5-9-13-6(10)8-3/h5H,1-4H3,(H,8,10)/b9-5+"
-0.5405864024705066,-0.738,1.55,-135.0,InChI=1S/CHCl2F/c2-1(3)4/h1H
-0.7315163310010201,-2.798,3.15,-94.9375,"InChI=1S/C8H10/c1-2-8-6-4-3-5-7-8/h3-7H,2H2,1H3"
-9.188774989947646,-3.924,3.09,96.0,"InChI=1S/C9H10BrClN2O2/c1-13(15-2)9(14)12-6-3-4-7(10)8(11)5-6/h3-5H,1-2H3,(H,12,14)"
-12.362408032557125,-5.5754,3.24,192.0,InChI=1S/C16H8Cl2FN5O/c17-9-1-4-14(12(18)5-9)24-15(25)11-6-10(19)2-3-13(11)22-16(24)23-8-20-7-21-23/h1-8H
-2.516271850198079,-2.5839999999999996,3.14,-7.5,"InChI=1S/C9H18O/c1-3-4-5-6-7-8-9(2)10/h3-8H2,1-2H3"
-1.4784246630789706,-5.7929999999999975,4.81,125.0,InChI=1S/C14H12/c1-3-7-13(8-4-1)11-12-14-9-5-2-6-10-14/h1-12H/b12-11+
-8.023815198649382,-3.8339999999999996,4.62,40.0,"InChI=1S/C16H14Cl2O4/c1-10(16(19)20-2)21-12-4-6-13(7-5-12)22-15-8-3-11(17)9-14(15)18/h3-10H,1-2H3"
-3.9583738505059727,-0.147,0.45,-41.6,"InChI=1S/C3H5ClO/c4-1-3-2-5-3/h3H,1-2H2"
-7.266652626472712,-5.934,4.48,85.0,"InChI=1S/C14H9Cl2NO5/c1-21-14(18)10-7-9(3-4-12(10)17(19)20)22-13-5-2-8(15)6-11(13)16/h2-7H,1H3"
-6.7594258916668295,-3.964,3.4,3.3,"InChI=1S/C12H16ClNOS/c1-3-14(4-2)12(15)16-9-10-5-7-11(13)8-6-10/h5-8H,3-4,9H2,1-2H3"
-6.78,-5.2040287077142855,5.12,230.5,"InChI=1S/C15H15NO2/c1-10-6-5-9-13(11(10)2)16-14-8-4-3-7-12(14)15(17)18/h3-9,16H,1-2H3,(H,17,18)"
-15.224146591984056,-3.365,2.29,130.0,"InChI=1S/C16H13F2N3O/c17-13-7-5-12(6-8-13)16(22,9-21-11-19-10-20-21)14-3-1-2-4-15(14)18/h1-8,10-11,22H,9H2"
-6.021045686392164,-0.4154,0.46,79.0,InChI=1S/C6H4N2/c7-5-6-1-3-8-4-2-6/h1-4H
-3.2825255534848115,-1.713,2.82,-76.0,"InChI=1S/C8H19N/c1-3-5-6-8(4-2)7-9/h8H,3-7,9H2,1-2H3"
-2.7785401550528936,-0.833,1.29,-85.8,"InChI=1S/C5H10O2/c1-3-4-5(6)7-2/h3-4H2,1-2H3"
-5.521868933437434,-4.226,4.02,-25.0,"InChI=1S/C8H19O2PS3/c1-4-9-11(12,10-5-2)14-8-7-13-6-3/h4-8H2,1-3H3"
-7.8351715284812435,-2.1430000000000002,2.37,108.7,"InChI=1S/C8H8O2/c1-6-3-2-4-7(5-6)8(9)10/h2-5H,1H3,(H,9,10)"
-8.396880189689478,-5.025,4.04,81.5,"InChI=1S/C12H9ClN2O3/c13-11-10(18-8-4-2-1-3-5-8)7-6-9(12(11)14)15(16)17/h1-7H,14H2"
-7.31173642057066,-2.1390000000000002,2.09,79.5,"InChI=1S/C10H13NO2/c1-7-4-5-9(6-8(7)2)13-10(12)11-3/h4-6H,1-3H3,(H,11,12)"
-14.065997041486082,-3.9530000000000003,4.26,177.5,"InChI=1S/C13H10Cl2O2/c14-10-1-3-12(16)8(6-10)5-9-7-11(15)2-4-13(9)17/h1-4,6-7,16-17H,5H2"
-0.6680741102520069,-1.9709999999999999,2.13,-13.0,InChI=1S/C6H4F2/c7-5-1-2-6(8)4-3-5/h1-4H
-2.502330470868495,-3.971,4.0,-2.5,InChI=1S/C10H7Cl/c11-10-7-3-5-8-4-1-2-6-9(8)10/h1-7H
0.08657737903019548,-2.2880000000000003,2.83,-22.996875,"InChI=1S/CCl4/c2-1(3,4)5"
-2.9155897791649803,-4.734,4.12,86.5,InChI=1S/C12H8O/c1-3-7-11-9(5-1)10-6-2-4-8-12(10)13-11/h1-8H
-12.321077143634794,-0.331,0.51,77.0,"InChI=1S/C4H8Cl3O4P/c1-10-12(9,11-2)3(8)4(5,6)7/h3,8H,1-2H3"
-19.631053413854197,-3.534,2.18,187.0,"InChI=1S/C16H18N4O7S/c1-25-12-8-13(26-2)18-15(17-12)19-16(22)20-28(23,24)9-10-6-4-5-7-11(10)14(21)27-3/h4-8H,9H2,1-3H3,(H2,17,18,19,20,22)"
-10.573705559095401,-0.205,-1.5,154.5,"InChI=1S/C6H12N2O3/c1-8(2)7-5(9)3-4-6(10)11/h3-4H2,1-2H3,(H,7,9)(H,10,11)"
-6.643477553487964,-6.8969503195,4.9,160.0,"InChI=1S/C19H11F5N2O2/c20-12-6-7-16(15(21)10-12)26-17(27)14-5-2-8-25-18(14)28-13-4-1-3-11(9-13)19(22,23)24/h1-10H,(H,26,27)"
-9.600658353549418,-4.532,3.7,104.5,"InChI=1S/C17H16F3NO2/c1-11(2)23-13-7-5-6-12(10-13)21-16(22)14-8-3-4-9-15(14)17(18,19)20/h3-11H,1-2H3,(H,21,22)"
-2.458383617695974,-1.754,2.39,-43.8,InChI=1S/C2H2Cl4/c3-1(4)2(5)6/h1-2H
-8.421348999812816,-2.11,2.48,128.0,"InChI=1S/C7H7NO3/c1-5-4-6(9)2-3-7(5)8(10)11/h2-4,9H,1H3"
-4.436997573950623,-4.454,3.82,68.25,InChI=1S/C12H10N2/c1-3-7-11(8-4-1)13-14-12-9-5-2-6-10-12/h1-10H
-5.079067076602326,-0.938,1.78,-42.0,"InChI=1S/C7H16FO2P/c1-6(7(2,3)4)10-11(5,8)9/h6H,1-5H3"
-6.88,-3.0375,1.89,95.0,"InChI=1S/C8H7NO4/c1-13-8(10)6-2-4-7(5-3-6)9(11)12/h2-5H,1H3"
-7.984315802007678,-4.203,3.81,105.0,"InChI=1S/C11H21N5S/c1-6-17-11-15-9(12-7(2)3)14-10(16-11)13-8(4)5/h7-8H,6H2,1-5H3,(H2,12,13,14,15,16)"
-8.737528434520176,-3.708,3.9,65.0,"InChI=1S/C11H21N5S/c1-6-12-9-14-10(13-8(4)7(2)3)16-11(15-9)17-5/h7-8H,6H2,1-5H3,(H2,12,13,14,15,16)"
-1.7043203504247175,-3.452,3.49,-35.7,"InChI=1S/C10H12/c1-2-6-10-8-4-3-7-9(10)5-1/h1-2,5-6H,3-4,7-8H2"
-5.630287966978109,1.193,-0.67,-26.4,"InChI=1S/C2H5FO/c3-1-2-4/h4H,1-2H2"
-14.83,-1.033,0.46,170.0,"InChI=1S/C8H9NO2/c1-6(10)9-7-2-4-8(11)5-3-7/h2-5,11H,1H3,(H,9,10)"
-12.556575270508954,-2.427,0.77,120.0,"InChI=1S/C12H13NO4S/c1-9-11(18(15,16)8-7-17-9)12(14)13-10-5-3-2-4-6-10/h2-6H,7-8H2,1H3,(H,13,14)"
-14.722231845002398,-0.506,0.61,106.0,"InChI=1S/C7H12O4/c8-6(9)4-2-1-3-5-7(10)11/h1-5H2,(H,8,9)(H,10,11)"
-0.7376747712310101,-2.0,2.37,-34.0,InChI=1S/C6H4F2/c7-5-3-1-2-4-6(5)8/h1-4H
-2.4313101670669917,-0.603,0.83,-92.9375,"InChI=1S/C4H8O2/c1-2-3-6-4-5/h4H,2-3H2,1H3"
-0.6110526347833174,-1.7009999999999998,2.1,-110.0,"InChI=1S/C3H7Br/c1-2-3-4/h2-3H2,1H3"
-8.72,-2.972,3.57,68.5,"InChI=1S/C11H14O3/c1-2-3-8-14-11(13)9-4-6-10(12)7-5-9/h4-7,12H,2-3,8H2,1H3"
-8.955592344945586,-2.885,1.18,121.5,InChI=1S/C6H3N3O6/c10-7(11)4-1-5(8(12)13)3-6(2-4)9(14)15/h1-3H
-4.916931483987802,-2.492,2.37,51.6,"InChI=1S/C7H7NO2/c1-6-2-4-7(5-3-6)8(9)10/h2-5H,1H3"
-6.9897482355327645,-2.5810000000000004,2.23,99.0,"InChI=1S/C10H13NO2/c1-7-4-8(2)6-9(5-7)13-10(12)11-3/h4-6H,1-3H3,(H,11,12)"
-11.18363072516972,-7.28,4.56,222.5,"InChI=1S/C14H6Cl2F4N2O2/c15-5-4-8(12(20)10(16)11(5)19)21-14(24)22-13(23)9-6(17)2-1-3-7(9)18/h1-4H,(H2,21,22,23,24)"
-7.737648880221037,1.065,-0.64,-43.3,InChI=1S/C4H6O2/c5-4-2-1-3-6-4/h1-3H2
-6.354897588129375,-1.517,2.14,52.5,"InChI=1S/C8H7N/c1-2-4-8-7(3-1)5-6-9-8/h1-6,9H"
-3.926365718744591,-4.9239999999999995,4.85,15.0,"InChI=1S/C13H24N3O3PS/c1-6-16(7-2)13-14-11(5)10-12(15-13)19-20(21,17-8-3)18-9-4/h10H,6-9H2,1-5H3"
-3.3202542875184395,-0.7979999999999999,1.21,-43.0,"InChI=1S/C5H10O3/c1-3-7-5(6)8-4-2/h3-4H2,1-2H3"
-7.6515081282166335,-2.221,2.85,95.0,"InChI=1S/C10H8O/c11-10-7-3-5-8-4-1-2-6-9(8)10/h1-7,11H"
-9.210703965324594,-0.8,-1.2,237.0,"InChI=1S/C5H6N2O2/c1-7-3-2-4(8)6-5(7)9/h2-3H,1H3,(H,6,8,9)"
0.7905432643549276,-3.515,4.0,-8.0,InChI=1S/C7H14/c1-2-4-6-7-5-3-1/h1-7H2
-8.596828859586108,-3.864,3.51,119.0,"InChI=1S/C10H19N5S/c1-6(2)11-8-13-9(12-7(3)4)15-10(14-8)16-5/h6-7H,1-5H3,(H2,11,12,13,14,15)"
-17.07734931856001,0.489,-1.64,153.0,"InChI=1S/C6H8O7/c7-3(8)1-6(13,5(11)12)2-4(9)10/h13H,1-2H2,(H,7,8)(H,9,10)(H,11,12)"
0.6841267237672568,-2.0340000000000003,2.42,-145.9,"InChI=1S/C5H8/c1-4-5(2)3/h4H,1-2H2,3H3"
-4.508357691038247,-4.137,3.09,56.0,InChI=1S/C6H3Cl2NO2/c7-4-1-2-5(8)6(3-4)9(10)11/h1-3H
